source_archive,asset_name,extension,archive_index,archive_offset,compressed_bytes,decompressed_bytes,asset_group,embedded_screen_position,placement_x,placement_y,native_width,native_height,dimension_status,notes
COMMON.FS,BIG_MAP.LZ,.LZ,17,104188,21437,307200,common_graphic,False,,,640,480,validated_by_name_layout_and_decoded_size,LZ/LZ0 stream contains compressed pixel/index data; no screen x/y placement field was found in the format.
COMMON.FS,BML_OFF.LZ0,.LZ0,19,125817,70,888,common_graphic,False,,,,,not_encoded_in_lz__unknown_without_external_layout_context,LZ/LZ0 stream contains compressed pixel/index data; no screen x/y placement field was found in the format.
COMMON.FS,BML_ON.LZ0,.LZ0,20,125887,70,888,common_graphic,False,,,,,not_encoded_in_lz__unknown_without_external_layout_context,LZ/LZ0 stream contains compressed pixel/index data; no screen x/y placement field was found in the format.
COMMON.FS,BM_LSTA.LZ,.LZ,25,129825,1660,5785,common_graphic,False,,,,,not_encoded_in_lz__unknown_without_external_layout_context,LZ/LZ0 stream contains compressed pixel/index data; no screen x/y placement field was found in the format.
COMMON.FS,BRG_ACT.LZ0,.LZ0,27,132472,527,23598,common_graphic,False,,,,,not_encoded_in_lz__unknown_without_external_layout_context,LZ/LZ0 stream contains compressed pixel/index data; no screen x/y placement field was found in the format.
COMMON.FS,BUY.LZ,.LZ,29,134127,47148,188384,strategic_ui_graphic,False,,,406,464,validated_by_name_layout_and_decoded_size,LZ/LZ0 stream contains compressed pixel/index data; no screen x/y placement field was found in the format.
COMMON.FS,C02.LZ,.LZ,30,181275,21,12,common_graphic,False,,,,,not_encoded_in_lz__unknown_without_external_layout_context,LZ/LZ0 stream contains compressed pixel/index data; no screen x/y placement field was found in the format.
COMMON.FS,C03.LZ,.LZ,31,181296,18,9,common_graphic,False,,,,,not_encoded_in_lz__unknown_without_external_layout_context,LZ/LZ0 stream contains compressed pixel/index data; no screen x/y placement field was found in the format.
COMMON.FS,C04.LZ,.LZ,32,181314,10,4,common_graphic,False,,,,,not_encoded_in_lz__unknown_without_external_layout_context,LZ/LZ0 stream contains compressed pixel/index data; no screen x/y placement field was found in the format.
COMMON.FS,C05.LZ,.LZ,33,181324,23,13,common_graphic,False,,,,,not_encoded_in_lz__unknown_without_external_layout_context,LZ/LZ0 stream contains compressed pixel/index data; no screen x/y placement field was found in the format.
COMMON.FS,CAULDRON.LZ,.LZ,34,181347,59810,307200,main_menu_or_splash,False,,,640,480,validated_by_name_layout_and_decoded_size,LZ/LZ0 stream contains compressed pixel/index data; no screen x/y placement field was found in the format.
COMMON.FS,CHEATS.LZ,.LZ,38,242336,73,82,common_graphic,False,,,,,not_encoded_in_lz__unknown_without_external_layout_context,LZ/LZ0 stream contains compressed pixel/index data; no screen x/y placement field was found in the format.
COMMON.FS,DIFF01.LZ,.LZ,44,277862,3190,6200,common_graphic,False,,,,,not_encoded_in_lz__unknown_without_external_layout_context,LZ/LZ0 stream contains compressed pixel/index data; no screen x/y placement field was found in the format.
COMMON.FS,DIFF02.LZ,.LZ,45,281052,2750,6200,common_graphic,False,,,,,not_encoded_in_lz__unknown_without_external_layout_context,LZ/LZ0 stream contains compressed pixel/index data; no screen x/y placement field was found in the format.
COMMON.FS,DIFFIC.LZ,.LZ,46,283802,19450,37848,common_graphic,False,,,,,not_encoded_in_lz__unknown_without_external_layout_context,LZ/LZ0 stream contains compressed pixel/index data; no screen x/y placement field was found in the format.
COMMON.FS,ELMONDO.LZ,.LZ,51,327831,28,16,common_graphic,False,,,,,not_encoded_in_lz__unknown_without_external_layout_context,LZ/LZ0 stream contains compressed pixel/index data; no screen x/y placement field was found in the format.
COMMON.FS,ET_BTN0.LZ,.LZ,53,328024,619,1476,common_graphic,False,,,,,not_encoded_in_lz__unknown_without_external_layout_context,LZ/LZ0 stream contains compressed pixel/index data; no screen x/y placement field was found in the format.
COMMON.FS,ET_BTN1.LZ,.LZ,54,328643,792,1476,common_graphic,False,,,,,not_encoded_in_lz__unknown_without_external_layout_context,LZ/LZ0 stream contains compressed pixel/index data; no screen x/y placement field was found in the format.
COMMON.FS,ET_PAN.LZ,.LZ,55,329435,718,1476,common_graphic,False,,,,,not_encoded_in_lz__unknown_without_external_layout_context,LZ/LZ0 stream contains compressed pixel/index data; no screen x/y placement field was found in the format.
COMMON.FS,FACTORY.LZ,.LZ,56,330153,102500,264016,common_graphic,False,,,,,not_encoded_in_lz__unknown_without_external_layout_context,LZ/LZ0 stream contains compressed pixel/index data; no screen x/y placement field was found in the format.
COMMON.FS,GOTOLSTA.LZ,.LZ,62,446275,6636,16016,common_graphic,False,,,,,not_encoded_in_lz__unknown_without_external_layout_context,LZ/LZ0 stream contains compressed pixel/index data; no screen x/y placement field was found in the format.
COMMON.FS,GU_LISTA.LZ,.LZ,68,455467,2477,11310,common_graphic,False,,,,,not_encoded_in_lz__unknown_without_external_layout_context,LZ/LZ0 stream contains compressed pixel/index data; no screen x/y placement field was found in the format.
COMMON.FS,HELP1024.LZ0,.LZ0,72,458589,532313,786432,help_screen,False,,,1024,768,validated_by_name_layout_and_decoded_size,LZ/LZ0 stream contains compressed pixel/index data; no screen x/y placement field was found in the format.
COMMON.FS,HELP640.LZ0,.LZ0,74,991670,225036,307200,help_screen,False,,,640,480,validated_by_name_layout_and_decoded_size,LZ/LZ0 stream contains compressed pixel/index data; no screen x/y placement field was found in the format.
COMMON.FS,HELP800.LZ0,.LZ0,76,1217474,343593,480000,help_screen,False,,,800,600,validated_by_name_layout_and_decoded_size,LZ/LZ0 stream contains compressed pixel/index data; no screen x/y placement field was found in the format.
COMMON.FS,HIERARCH.LZ,.LZ,78,1561835,50546,188384,strategic_ui_graphic,False,,,406,464,validated_by_name_layout_and_decoded_size,LZ/LZ0 stream contains compressed pixel/index data; no screen x/y placement field was found in the format.
COMMON.FS,HMLA__02.LZ,.LZ,79,1612381,37833,98161,strategic_map_level_graphic,False,,,379,259,validated_by_strategy_map_layout_and_decoded_size,LZ/LZ0 stream contains compressed pixel/index data; no screen x/y placement field was found in the format.
COMMON.FS,HMLA__03.LZ,.LZ,80,1650214,35961,98161,strategic_map_level_graphic,False,,,379,259,validated_by_strategy_map_layout_and_decoded_size,LZ/LZ0 stream contains compressed pixel/index data; no screen x/y placement field was found in the format.
COMMON.FS,HMLA__04.LZ,.LZ,81,1686175,31242,98161,strategic_map_level_graphic,False,,,379,259,validated_by_strategy_map_layout_and_decoded_size,LZ/LZ0 stream contains compressed pixel/index data; no screen x/y placement field was found in the format.
COMMON.FS,HMLA__05.LZ,.LZ,82,1717417,38191,98161,strategic_map_level_graphic,False,,,379,259,validated_by_strategy_map_layout_and_decoded_size,LZ/LZ0 stream contains compressed pixel/index data; no screen x/y placement field was found in the format.
COMMON.FS,HMLA__06.LZ,.LZ,83,1755608,37155,98161,strategic_map_level_graphic,False,,,379,259,validated_by_strategy_map_layout_and_decoded_size,LZ/LZ0 stream contains compressed pixel/index data; no screen x/y placement field was found in the format.
COMMON.FS,HMLA__07.LZ,.LZ,84,1792763,38759,98161,strategic_map_level_graphic,False,,,379,259,validated_by_strategy_map_layout_and_decoded_size,LZ/LZ0 stream contains compressed pixel/index data; no screen x/y placement field was found in the format.
COMMON.FS,HMLA__08.LZ,.LZ,85,1831522,35110,98161,strategic_map_level_graphic,False,,,379,259,validated_by_strategy_map_layout_and_decoded_size,LZ/LZ0 stream contains compressed pixel/index data; no screen x/y placement field was found in the format.
COMMON.FS,HMLA__09.LZ,.LZ,86,1866632,33539,98161,strategic_map_level_graphic,False,,,379,259,validated_by_strategy_map_layout_and_decoded_size,LZ/LZ0 stream contains compressed pixel/index data; no screen x/y placement field was found in the format.
COMMON.FS,HMLA__10.LZ,.LZ,87,1900171,34602,98161,strategic_map_level_graphic,False,,,379,259,validated_by_strategy_map_layout_and_decoded_size,LZ/LZ0 stream contains compressed pixel/index data; no screen x/y placement field was found in the format.
COMMON.FS,IL_CISLA.LZ,.LZ,103,1984361,57,280,common_graphic,False,,,,,not_encoded_in_lz__unknown_without_external_layout_context,LZ/LZ0 stream contains compressed pixel/index data; no screen x/y placement field was found in the format.
COMMON.FS,INFO.LZ,.LZ,105,1984745,48765,191168,strategic_ui_graphic,False,,,412,464,validated_by_name_layout_and_decoded_size,LZ/LZ0 stream contains compressed pixel/index data; no screen x/y placement field was found in the format.
COMMON.FS,I_AMX13.LZ,.LZ,115,2035644,960,3000,unit_icon,False,,,,,not_encoded_in_lz__unknown_without_external_layout_context,LZ/LZ0 stream contains compressed pixel/index data; no screen x/y placement field was found in the format.
COMMON.FS,I_AMX30.LZ,.LZ,116,2036604,1018,3000,unit_icon,False,,,,,not_encoded_in_lz__unknown_without_external_layout_context,LZ/LZ0 stream contains compressed pixel/index data; no screen x/y placement field was found in the format.
COMMON.FS,I_ANJEL.LZ,.LZ,117,2037622,832,3000,unit_icon,False,,,,,not_encoded_in_lz__unknown_without_external_layout_context,LZ/LZ0 stream contains compressed pixel/index data; no screen x/y placement field was found in the format.
COMMON.FS,I_BALIST.LZ,.LZ,119,2038854,1316,3000,unit_icon,False,,,,,not_encoded_in_lz__unknown_without_external_layout_context,LZ/LZ0 stream contains compressed pixel/index data; no screen x/y placement field was found in the format.
COMMON.FS,I_BALON.LZ,.LZ,120,2040170,1301,3000,unit_icon,False,,,,,not_encoded_in_lz__unknown_without_external_layout_context,LZ/LZ0 stream contains compressed pixel/index data; no screen x/y placement field was found in the format.
COMMON.FS,I_BREORN.LZ,.LZ,121,2041471,1106,3000,unit_icon,False,,,,,not_encoded_in_lz__unknown_without_external_layout_context,LZ/LZ0 stream contains compressed pixel/index data; no screen x/y placement field was found in the format.
COMMON.FS,I_COMAN.LZ,.LZ,122,2042577,623,3000,unit_icon,False,,,,,not_encoded_in_lz__unknown_without_external_layout_context,LZ/LZ0 stream contains compressed pixel/index data; no screen x/y placement field was found in the format.
COMMON.FS,I_CONJU.LZ,.LZ,123,2043200,878,3000,unit_icon,False,,,,,not_encoded_in_lz__unknown_without_external_layout_context,LZ/LZ0 stream contains compressed pixel/index data; no screen x/y placement field was found in the format.
COMMON.FS,I_DELO.LZ,.LZ,124,2044078,940,3000,unit_icon,False,,,,,not_encoded_in_lz__unknown_without_external_layout_context,LZ/LZ0 stream contains compressed pixel/index data; no screen x/y placement field was found in the format.
COMMON.FS,I_DEMON.LZ,.LZ,125,2045018,789,3000,unit_icon,False,,,,,not_encoded_in_lz__unknown_without_external_layout_context,LZ/LZ0 stream contains compressed pixel/index data; no screen x/y placement field was found in the format.
COMMON.FS,I_DESTR1.LZ,.LZ,126,2045807,1613,3000,unit_icon,False,,,,,not_encoded_in_lz__unknown_without_external_layout_context,LZ/LZ0 stream contains compressed pixel/index data; no screen x/y placement field was found in the format.
COMMON.FS,I_DESTR2.LZ,.LZ,127,2047420,1425,3000,unit_icon,False,,,,,not_encoded_in_lz__unknown_without_external_layout_context,LZ/LZ0 stream contains compressed pixel/index data; no screen x/y placement field was found in the format.
COMMON.FS,I_DRAK.LZ,.LZ,128,2048845,1020,3000,unit_icon,False,,,,,not_encoded_in_lz__unknown_without_external_layout_context,LZ/LZ0 stream contains compressed pixel/index data; no screen x/y placement field was found in the format.
COMMON.FS,I_DUCH.LZ,.LZ,129,2049865,496,3000,unit_icon,False,,,,,not_encoded_in_lz__unknown_without_external_layout_context,LZ/LZ0 stream contains compressed pixel/index data; no screen x/y placement field was found in the format.
COMMON.FS,I_ELF1.LZ,.LZ,130,2050361,1199,3000,unit_icon,False,,,,,not_encoded_in_lz__unknown_without_external_layout_context,LZ/LZ0 stream contains compressed pixel/index data; no screen x/y placement field was found in the format.
COMMON.FS,I_ELF2.LZ,.LZ,131,2051560,1139,3000,unit_icon,False,,,,,not_encoded_in_lz__unknown_without_external_layout_context,LZ/LZ0 stream contains compressed pixel/index data; no screen x/y placement field was found in the format.
COMMON.FS,I_ELMAG1.LZ,.LZ,132,2052699,1240,3000,unit_icon,False,,,,,not_encoded_in_lz__unknown_without_external_layout_context,LZ/LZ0 stream contains compressed pixel/index data; no screen x/y placement field was found in the format.
COMMON.FS,I_ELMAG2.LZ,.LZ,133,2053939,1028,3000,unit_icon,False,,,,,not_encoded_in_lz__unknown_without_external_layout_context,LZ/LZ0 stream contains compressed pixel/index data; no screen x/y placement field was found in the format.
COMMON.FS,I_GEPARD.LZ,.LZ,134,2054967,1185,3000,unit_icon,False,,,,,not_encoded_in_lz__unknown_without_external_layout_context,LZ/LZ0 stream contains compressed pixel/index data; no screen x/y placement field was found in the format.
COMMON.FS,I_GOLEM.LZ,.LZ,135,2056152,1477,3000,unit_icon,False,,,,,not_encoded_in_lz__unknown_without_external_layout_context,LZ/LZ0 stream contains compressed pixel/index data; no screen x/y placement field was found in the format.
COMMON.FS,I_HARPY.LZ,.LZ,136,2057629,975,3000,unit_icon,False,,,,,not_encoded_in_lz__unknown_without_external_layout_context,LZ/LZ0 stream contains compressed pixel/index data; no screen x/y placement field was found in the format.
COMMON.FS,I_HITECH.LZ,.LZ,137,2058604,796,3000,unit_icon,False,,,,,not_encoded_in_lz__unknown_without_external_layout_context,LZ/LZ0 stream contains compressed pixel/index data; no screen x/y placement field was found in the format.
COMMON.FS,I_HUMER.LZ,.LZ,138,2059400,833,3000,unit_icon,False,,,,,not_encoded_in_lz__unknown_without_external_layout_context,LZ/LZ0 stream contains compressed pixel/index data; no screen x/y placement field was found in the format.
COMMON.FS,I_KEFTAK.LZ,.LZ,139,2060233,951,3000,unit_icon,False,,,,,not_encoded_in_lz__unknown_without_external_layout_context,LZ/LZ0 stream contains compressed pixel/index data; no screen x/y placement field was found in the format.
COMMON.FS,I_KOLOS.LZ,.LZ,140,2061184,1555,3000,unit_icon,False,,,,,not_encoded_in_lz__unknown_without_external_layout_context,LZ/LZ0 stream contains compressed pixel/index data; no screen x/y placement field was found in the format.
COMMON.FS,I_KONVO.LZ,.LZ,141,2062739,1538,3000,unit_icon,False,,,,,not_encoded_in_lz__unknown_without_external_layout_context,LZ/LZ0 stream contains compressed pixel/index data; no screen x/y placement field was found in the format.
COMMON.FS,I_LAHKA.LZ,.LZ,142,2064277,674,3000,unit_icon,False,,,,,not_encoded_in_lz__unknown_without_external_layout_context,LZ/LZ0 stream contains compressed pixel/index data; no screen x/y placement field was found in the format.
COMMON.FS,I_LASER.LZ,.LZ,143,2064951,1091,3000,unit_icon,False,,,,,not_encoded_in_lz__unknown_without_external_layout_context,LZ/LZ0 stream contains compressed pixel/index data; no screen x/y placement field was found in the format.
COMMON.FS,I_LEO2.LZ,.LZ,144,2066042,993,3000,unit_icon,False,,,,,not_encoded_in_lz__unknown_without_external_layout_context,LZ/LZ0 stream contains compressed pixel/index data; no screen x/y placement field was found in the format.
COMMON.FS,I_LEO2A.LZ,.LZ,145,2067035,1007,3000,unit_icon,False,,,,,not_encoded_in_lz__unknown_without_external_layout_context,LZ/LZ0 stream contains compressed pixel/index data; no screen x/y placement field was found in the format.
COMMON.FS,I_M106.LZ,.LZ,147,2068442,1242,3000,unit_icon,False,,,,,not_encoded_in_lz__unknown_without_external_layout_context,LZ/LZ0 stream contains compressed pixel/index data; no screen x/y placement field was found in the format.
COMMON.FS,I_M109.LZ,.LZ,148,2069684,927,3000,unit_icon,False,,,,,not_encoded_in_lz__unknown_without_external_layout_context,LZ/LZ0 stream contains compressed pixel/index data; no screen x/y placement field was found in the format.
COMMON.FS,I_M113.LZ,.LZ,149,2070611,1292,3000,unit_icon,False,,,,,not_encoded_in_lz__unknown_without_external_layout_context,LZ/LZ0 stream contains compressed pixel/index data; no screen x/y placement field was found in the format.
COMMON.FS,I_M132.LZ,.LZ,150,2071903,1349,3000,unit_icon,False,,,,,not_encoded_in_lz__unknown_without_external_layout_context,LZ/LZ0 stream contains compressed pixel/index data; no screen x/y placement field was found in the format.
COMMON.FS,I_M1ABR.LZ,.LZ,151,2073252,971,3000,unit_icon,False,,,,,not_encoded_in_lz__unknown_without_external_layout_context,LZ/LZ0 stream contains compressed pixel/index data; no screen x/y placement field was found in the format.
COMMON.FS,I_MAG.LZ,.LZ,152,2074223,436,3000,unit_icon,False,,,,,not_encoded_in_lz__unknown_without_external_layout_context,LZ/LZ0 stream contains compressed pixel/index data; no screen x/y placement field was found in the format.
COMMON.FS,I_MAGOV.LZ,.LZ,153,2074659,823,3000,unit_icon,False,,,,,not_encoded_in_lz__unknown_without_external_layout_context,LZ/LZ0 stream contains compressed pixel/index data; no screen x/y placement field was found in the format.
COMMON.FS,I_MAGOZ.LZ,.LZ,154,2075482,906,3000,unit_icon,False,,,,,not_encoded_in_lz__unknown_without_external_layout_context,LZ/LZ0 stream contains compressed pixel/index data; no screen x/y placement field was found in the format.
COMMON.FS,I_MAMUT.LZ,.LZ,155,2076388,1548,3000,unit_icon,False,,,,,not_encoded_in_lz__unknown_without_external_layout_context,LZ/LZ0 stream contains compressed pixel/index data; no screen x/y placement field was found in the format.
COMMON.FS,I_MARDER.LZ,.LZ,156,2077936,1159,3000,unit_icon,False,,,,,not_encoded_in_lz__unknown_without_external_layout_context,LZ/LZ0 stream contains compressed pixel/index data; no screen x/y placement field was found in the format.
COMMON.FS,I_MECIAR.LZ,.LZ,157,2079095,693,3000,unit_icon,False,,,,,not_encoded_in_lz__unknown_without_external_layout_context,LZ/LZ0 stream contains compressed pixel/index data; no screen x/y placement field was found in the format.
COMMON.FS,I_MI24.LZ,.LZ,158,2079788,885,3000,unit_icon,False,,,,,not_encoded_in_lz__unknown_without_external_layout_context,LZ/LZ0 stream contains compressed pixel/index data; no screen x/y placement field was found in the format.
COMMON.FS,I_MINO.LZ,.LZ,159,2080673,694,3000,unit_icon,False,,,,,not_encoded_in_lz__unknown_without_external_layout_context,LZ/LZ0 stream contains compressed pixel/index data; no screen x/y placement field was found in the format.
COMMON.FS,I_MLRS.LZ,.LZ,160,2081367,1252,3000,unit_icon,False,,,,,not_encoded_in_lz__unknown_without_external_layout_context,LZ/LZ0 stream contains compressed pixel/index data; no screen x/y placement field was found in the format.
COMMON.FS,I_MOBIL1.LZ,.LZ,161,2082619,818,3000,unit_icon,False,,,,,not_encoded_in_lz__unknown_without_external_layout_context,LZ/LZ0 stream contains compressed pixel/index data; no screen x/y placement field was found in the format.
COMMON.FS,I_MOBIL2.LZ,.LZ,162,2083437,831,3000,unit_icon,False,,,,,not_encoded_in_lz__unknown_without_external_layout_context,LZ/LZ0 stream contains compressed pixel/index data; no screen x/y placement field was found in the format.
COMMON.FS,I_MRI.LZ,.LZ,164,2084668,787,3000,unit_icon,False,,,,,not_encoded_in_lz__unknown_without_external_layout_context,LZ/LZ0 stream contains compressed pixel/index data; no screen x/y placement field was found in the format.
COMMON.FS,I_NEKRO.LZ,.LZ,165,2085455,942,3000,unit_icon,False,,,,,not_encoded_in_lz__unknown_without_external_layout_context,LZ/LZ0 stream contains compressed pixel/index data; no screen x/y placement field was found in the format.
COMMON.FS,I_NEMRT.LZ,.LZ,166,2086397,891,3000,unit_icon,False,,,,,not_encoded_in_lz__unknown_without_external_layout_context,LZ/LZ0 stream contains compressed pixel/index data; no screen x/y placement field was found in the format.
COMMON.FS,I_ORC.LZ,.LZ,167,2087288,1007,3000,unit_icon,False,,,,,not_encoded_in_lz__unknown_without_external_layout_context,LZ/LZ0 stream contains compressed pixel/index data; no screen x/y placement field was found in the format.
COMMON.FS,I_ORCKA.LZ,.LZ,168,2088295,1115,3000,unit_icon,False,,,,,not_encoded_in_lz__unknown_without_external_layout_context,LZ/LZ0 stream contains compressed pixel/index data; no screen x/y placement field was found in the format.
COMMON.FS,I_ORCTAN.LZ,.LZ,169,2089410,1178,3000,unit_icon,False,,,,,not_encoded_in_lz__unknown_without_external_layout_context,LZ/LZ0 stream contains compressed pixel/index data; no screen x/y placement field was found in the format.
COMMON.FS,I_ORCWAR.LZ,.LZ,170,2090588,1136,3000,unit_icon,False,,,,,not_encoded_in_lz__unknown_without_external_layout_context,LZ/LZ0 stream contains compressed pixel/index data; no screen x/y placement field was found in the format.
COMMON.FS,I_PARA.LZ,.LZ,171,2091724,671,3000,unit_icon,False,,,,,not_encoded_in_lz__unknown_without_external_layout_context,LZ/LZ0 stream contains compressed pixel/index data; no screen x/y placement field was found in the format.
COMMON.FS,I_PAVK.LZ,.LZ,172,2092395,1058,3000,unit_icon,False,,,,,not_encoded_in_lz__unknown_without_external_layout_context,LZ/LZ0 stream contains compressed pixel/index data; no screen x/y placement field was found in the format.
COMMON.FS,I_PAVUK.LZ,.LZ,173,2093453,636,3000,unit_icon,False,,,,,not_encoded_in_lz__unknown_without_external_layout_context,LZ/LZ0 stream contains compressed pixel/index data; no screen x/y placement field was found in the format.
COMMON.FS,I_PEKEL.LZ,.LZ,174,2094089,937,3000,unit_icon,False,,,,,not_encoded_in_lz__unknown_without_external_layout_context,LZ/LZ0 stream contains compressed pixel/index data; no screen x/y placement field was found in the format.
COMMON.FS,I_PIRAN.LZ,.LZ,175,2095026,1047,3000,unit_icon,False,,,,,not_encoded_in_lz__unknown_without_external_layout_context,LZ/LZ0 stream contains compressed pixel/index data; no screen x/y placement field was found in the format.
COMMON.FS,I_PLAMEN.LZ,.LZ,176,2096073,704,3000,unit_icon,False,,,,,not_encoded_in_lz__unknown_without_external_layout_context,LZ/LZ0 stream contains compressed pixel/index data; no screen x/y placement field was found in the format.
COMMON.FS,I_PREDA.LZ,.LZ,177,2096777,1144,3000,unit_icon,False,,,,,not_encoded_in_lz__unknown_without_external_layout_context,LZ/LZ0 stream contains compressed pixel/index data; no screen x/y placement field was found in the format.
COMMON.FS,I_RADAR.LZ,.LZ,178,2097921,1187,3000,unit_icon,False,,,,,not_encoded_in_lz__unknown_without_external_layout_context,LZ/LZ0 stream contains compressed pixel/index data; no screen x/y placement field was found in the format.
COMMON.FS,I_RANG.LZ,.LZ,179,2099108,529,3000,unit_icon,False,,,,,not_encoded_in_lz__unknown_without_external_layout_context,LZ/LZ0 stream contains compressed pixel/index data; no screen x/y placement field was found in the format.
COMMON.FS,I_ROLAND.LZ,.LZ,180,2099637,1288,3000,unit_icon,False,,,,,not_encoded_in_lz__unknown_without_external_layout_context,LZ/LZ0 stream contains compressed pixel/index data; no screen x/y placement field was found in the format.
COMMON.FS,I_RRSMR.LZ,.LZ,181,2100925,1129,3000,unit_icon,False,,,,,not_encoded_in_lz__unknown_without_external_layout_context,LZ/LZ0 stream contains compressed pixel/index data; no screen x/y placement field was found in the format.
COMMON.FS,I_SIPOME.LZ,.LZ,183,2102454,1600,3000,unit_icon,False,,,,,not_encoded_in_lz__unknown_without_external_layout_context,LZ/LZ0 stream contains compressed pixel/index data; no screen x/y placement field was found in the format.
COMMON.FS,I_SLIZ.LZ,.LZ,184,2104054,549,3000,unit_icon,False,,,,,not_encoded_in_lz__unknown_without_external_layout_context,LZ/LZ0 stream contains compressed pixel/index data; no screen x/y placement field was found in the format.
COMMON.FS,I_SPEC.LZ,.LZ,185,2104603,708,3000,unit_icon,False,,,,,not_encoded_in_lz__unknown_without_external_layout_context,LZ/LZ0 stream contains compressed pixel/index data; no screen x/y placement field was found in the format.
COMMON.FS,I_STRV.LZ,.LZ,186,2105311,960,3000,unit_icon,False,,,,,not_encoded_in_lz__unknown_without_external_layout_context,LZ/LZ0 stream contains compressed pixel/index data; no screen x/y placement field was found in the format.
COMMON.FS,I_TAM.LZ,.LZ,188,2108971,963,3000,unit_icon,False,,,,,not_encoded_in_lz__unknown_without_external_layout_context,LZ/LZ0 stream contains compressed pixel/index data; no screen x/y placement field was found in the format.
COMMON.FS,I_TAZKA.LZ,.LZ,189,2109934,666,3000,unit_icon,False,,,,,not_encoded_in_lz__unknown_without_external_layout_context,LZ/LZ0 stream contains compressed pixel/index data; no screen x/y placement field was found in the format.
COMMON.FS,I_UDES.LZ,.LZ,190,2110600,1079,3000,unit_icon,False,,,,,not_encoded_in_lz__unknown_without_external_layout_context,LZ/LZ0 stream contains compressed pixel/index data; no screen x/y placement field was found in the format.
COMMON.FS,I_VEZA.LZ,.LZ,192,2112079,1058,3000,unit_icon,False,,,,,not_encoded_in_lz__unknown_without_external_layout_context,LZ/LZ0 stream contains compressed pixel/index data; no screen x/y placement field was found in the format.
COMMON.FS,I_VLK.LZ,.LZ,193,2113137,916,3000,unit_icon,False,,,,,not_encoded_in_lz__unknown_without_external_layout_context,LZ/LZ0 stream contains compressed pixel/index data; no screen x/y placement field was found in the format.
COMMON.FS,I_VLKJ.LZ,.LZ,194,2114053,1228,3000,unit_icon,False,,,,,not_encoded_in_lz__unknown_without_external_layout_context,LZ/LZ0 stream contains compressed pixel/index data; no screen x/y placement field was found in the format.
COMMON.FS,I_WIZARD.LZ,.LZ,195,2115281,914,3000,unit_icon,False,,,,,not_encoded_in_lz__unknown_without_external_layout_context,LZ/LZ0 stream contains compressed pixel/index data; no screen x/y placement field was found in the format.
COMMON.FS,I_ZVUK.LZ,.LZ,196,2116195,1485,3000,unit_icon,False,,,,,not_encoded_in_lz__unknown_without_external_layout_context,LZ/LZ0 stream contains compressed pixel/index data; no screen x/y placement field was found in the format.
COMMON.FS,LED_OFF.LZ,.LZ,201,2162160,50,72,common_graphic,False,,,,,not_encoded_in_lz__unknown_without_external_layout_context,LZ/LZ0 stream contains compressed pixel/index data; no screen x/y placement field was found in the format.
COMMON.FS,LED_ON.LZ,.LZ,202,2162210,61,72,common_graphic,False,,,,,not_encoded_in_lz__unknown_without_external_layout_context,LZ/LZ0 stream contains compressed pixel/index data; no screen x/y placement field was found in the format.
COMMON.FS,LEVEL_02.LZ,.LZ,206,2170737,31099,98161,strategic_map_level_graphic,False,,,379,259,validated_by_strategy_map_layout_and_decoded_size,LZ/LZ0 stream contains compressed pixel/index data; no screen x/y placement field was found in the format.
COMMON.FS,LEVEL_03.LZ,.LZ,211,2214201,28596,98161,strategic_map_level_graphic,False,,,379,259,validated_by_strategy_map_layout_and_decoded_size,LZ/LZ0 stream contains compressed pixel/index data; no screen x/y placement field was found in the format.
COMMON.FS,LEVEL_04.LZ,.LZ,216,2256345,31559,98161,strategic_map_level_graphic,False,,,379,259,validated_by_strategy_map_layout_and_decoded_size,LZ/LZ0 stream contains compressed pixel/index data; no screen x/y placement field was found in the format.
COMMON.FS,LEVEL_05.LZ,.LZ,221,2300155,19944,98161,strategic_map_level_graphic,False,,,379,259,validated_by_strategy_map_layout_and_decoded_size,LZ/LZ0 stream contains compressed pixel/index data; no screen x/y placement field was found in the format.
COMMON.FS,LEVEL_06.LZ,.LZ,226,2333139,29455,98161,strategic_map_level_graphic,False,,,379,259,validated_by_strategy_map_layout_and_decoded_size,LZ/LZ0 stream contains compressed pixel/index data; no screen x/y placement field was found in the format.
COMMON.FS,LEVEL_07.LZ,.LZ,231,2375997,35130,98161,strategic_map_level_graphic,False,,,379,259,validated_by_strategy_map_layout_and_decoded_size,LZ/LZ0 stream contains compressed pixel/index data; no screen x/y placement field was found in the format.
COMMON.FS,LEVEL_08.LZ,.LZ,236,2424517,33397,98161,strategic_map_level_graphic,False,,,379,259,validated_by_strategy_map_layout_and_decoded_size,LZ/LZ0 stream contains compressed pixel/index data; no screen x/y placement field was found in the format.
COMMON.FS,LEVEL_09.LZ,.LZ,241,2469449,28393,98161,strategic_map_level_graphic,False,,,379,259,validated_by_strategy_map_layout_and_decoded_size,LZ/LZ0 stream contains compressed pixel/index data; no screen x/y placement field was found in the format.
COMMON.FS,LEVEL_10.LZ,.LZ,246,2503245,20281,98161,strategic_map_level_graphic,False,,,379,259,validated_by_strategy_map_layout_and_decoded_size,LZ/LZ0 stream contains compressed pixel/index data; no screen x/y placement field was found in the format.
COMMON.FS,LEV_GFK.LZ,.LZ,249,2523846,28,81,common_graphic,False,,,,,not_encoded_in_lz__unknown_without_external_layout_context,LZ/LZ0 stream contains compressed pixel/index data; no screen x/y placement field was found in the format.
COMMON.FS,LISTAPAT.LZ,.LZ,250,2523874,1327,2560,common_graphic,False,,,,,not_encoded_in_lz__unknown_without_external_layout_context,LZ/LZ0 stream contains compressed pixel/index data; no screen x/y placement field was found in the format.
COMMON.FS,LISTA_0.LZ,.LZ,251,2525201,19233,64000,common_graphic,False,,,,,not_encoded_in_lz__unknown_without_external_layout_context,LZ/LZ0 stream contains compressed pixel/index data; no screen x/y placement field was found in the format.
COMMON.FS,LISTA_0B.LZ0,.LZ0,252,2544434,3343,10880,common_graphic,False,,,,,not_encoded_in_lz__unknown_without_external_layout_context,LZ/LZ0 stream contains compressed pixel/index data; no screen x/y placement field was found in the format.
COMMON.FS,LISTA_1.LZ,.LZ,253,2547777,19643,64000,common_graphic,False,,,,,not_encoded_in_lz__unknown_without_external_layout_context,LZ/LZ0 stream contains compressed pixel/index data; no screen x/y placement field was found in the format.
COMMON.FS,LOGO0001.LZ,.LZ,254,2567420,179665,307200,common_graphic,False,,,,,not_encoded_in_lz__unknown_without_external_layout_context,LZ/LZ0 stream contains compressed pixel/index data; no screen x/y placement field was found in the format.
COMMON.FS,MAINMD0.LZ,.LZ,431,4669856,4694,15810,main_menu_or_splash,False,,,,,not_encoded_in_lz__unknown_without_external_layout_context,LZ/LZ0 stream contains compressed pixel/index data; no screen x/y placement field was found in the format.
COMMON.FS,MAINMD1.LZ,.LZ,432,4674550,3358,15810,main_menu_or_splash,False,,,,,not_encoded_in_lz__unknown_without_external_layout_context,LZ/LZ0 stream contains compressed pixel/index data; no screen x/y placement field was found in the format.
COMMON.FS,MAINMD2.LZ,.LZ,433,4677908,3213,15810,main_menu_or_splash,False,,,,,not_encoded_in_lz__unknown_without_external_layout_context,LZ/LZ0 stream contains compressed pixel/index data; no screen x/y placement field was found in the format.
COMMON.FS,MAINMD3.LZ,.LZ,434,4681121,3774,15810,main_menu_or_splash,False,,,,,not_encoded_in_lz__unknown_without_external_layout_context,LZ/LZ0 stream contains compressed pixel/index data; no screen x/y placement field was found in the format.
COMMON.FS,MAINMD4.LZ,.LZ,435,4684895,3377,15810,main_menu_or_splash,False,,,,,not_encoded_in_lz__unknown_without_external_layout_context,LZ/LZ0 stream contains compressed pixel/index data; no screen x/y placement field was found in the format.
COMMON.FS,MAINMD5.LZ,.LZ,436,4688272,3440,15810,main_menu_or_splash,False,,,,,not_encoded_in_lz__unknown_without_external_layout_context,LZ/LZ0 stream contains compressed pixel/index data; no screen x/y placement field was found in the format.
COMMON.FS,MAINMENU.LZ,.LZ,437,4691712,124823,307200,main_menu_or_splash,False,,,640,480,validated_by_name_layout_and_decoded_size,LZ/LZ0 stream contains compressed pixel/index data; no screen x/y placement field was found in the format.
COMMON.FS,MAINM_0.LZ,.LZ,439,4817303,5851,15810,main_menu_or_splash,False,,,,,not_encoded_in_lz__unknown_without_external_layout_context,LZ/LZ0 stream contains compressed pixel/index data; no screen x/y placement field was found in the format.
COMMON.FS,MAINM_1.LZ,.LZ,440,4823154,5523,15810,main_menu_or_splash,False,,,,,not_encoded_in_lz__unknown_without_external_layout_context,LZ/LZ0 stream contains compressed pixel/index data; no screen x/y placement field was found in the format.
COMMON.FS,MAINM_2.LZ,.LZ,441,4828677,5172,15810,main_menu_or_splash,False,,,,,not_encoded_in_lz__unknown_without_external_layout_context,LZ/LZ0 stream contains compressed pixel/index data; no screen x/y placement field was found in the format.
COMMON.FS,MAINM_3.LZ,.LZ,442,4833849,4968,15810,main_menu_or_splash,False,,,,,not_encoded_in_lz__unknown_without_external_layout_context,LZ/LZ0 stream contains compressed pixel/index data; no screen x/y placement field was found in the format.
COMMON.FS,MAINM_4.LZ,.LZ,443,4838817,5026,15810,main_menu_or_splash,False,,,,,not_encoded_in_lz__unknown_without_external_layout_context,LZ/LZ0 stream contains compressed pixel/index data; no screen x/y placement field was found in the format.
COMMON.FS,MAINM_5.LZ,.LZ,444,4843843,5100,15810,main_menu_or_splash,False,,,,,not_encoded_in_lz__unknown_without_external_layout_context,LZ/LZ0 stream contains compressed pixel/index data; no screen x/y placement field was found in the format.
COMMON.FS,MAINM_6.LZ,.LZ,445,4848943,5024,15810,main_menu_or_splash,False,,,,,not_encoded_in_lz__unknown_without_external_layout_context,LZ/LZ0 stream contains compressed pixel/index data; no screen x/y placement field was found in the format.
COMMON.FS,MAINM_BG.LZ,.LZ,446,4853967,37113,69360,main_menu_or_splash,False,,,,,not_encoded_in_lz__unknown_without_external_layout_context,LZ/LZ0 stream contains compressed pixel/index data; no screen x/y placement field was found in the format.
COMMON.FS,MAP_OPT.LZ,.LZ,448,4891543,32469,154780,strategic_ui_graphic,False,,,,,not_encoded_in_lz__unknown_without_external_layout_context,LZ/LZ0 stream contains compressed pixel/index data; no screen x/y placement field was found in the format.
COMMON.FS,MM_LOAD.LZ,.LZ,451,4935597,18963,102510,common_graphic,False,,,,,not_encoded_in_lz__unknown_without_external_layout_context,LZ/LZ0 stream contains compressed pixel/index data; no screen x/y placement field was found in the format.
COMMON.FS,M_ACCOMP.LZ,.LZ,460,5001666,12917,27200,common_graphic,False,,,,,not_encoded_in_lz__unknown_without_external_layout_context,LZ/LZ0 stream contains compressed pixel/index data; no screen x/y placement field was found in the format.
COMMON.FS,M_FAILED.LZ,.LZ,461,5014583,12921,27200,common_graphic,False,,,,,not_encoded_in_lz__unknown_without_external_layout_context,LZ/LZ0 stream contains compressed pixel/index data; no screen x/y placement field was found in the format.
COMMON.FS,NO_CD.LZ,.LZ,465,5049057,179665,307200,common_graphic,False,,,,,not_encoded_in_lz__unknown_without_external_layout_context,LZ/LZ0 stream contains compressed pixel/index data; no screen x/y placement field was found in the format.
COMMON.FS,OPTIONS.LZ,.LZ,468,5229836,88524,264016,common_graphic,False,,,,,not_encoded_in_lz__unknown_without_external_layout_context,LZ/LZ0 stream contains compressed pixel/index data; no screen x/y placement field was found in the format.
COMMON.FS,OPT_BAR.LZ,.LZ,469,5318360,114,120,common_graphic,False,,,,,not_encoded_in_lz__unknown_without_external_layout_context,LZ/LZ0 stream contains compressed pixel/index data; no screen x/y placement field was found in the format.
COMMON.FS,O_LEDOFF.LZ,.LZ,472,5320904,36,196,common_graphic,False,,,,,not_encoded_in_lz__unknown_without_external_layout_context,LZ/LZ0 stream contains compressed pixel/index data; no screen x/y placement field was found in the format.
COMMON.FS,O_LEDON.LZ,.LZ,473,5320940,46,196,common_graphic,False,,,,,not_encoded_in_lz__unknown_without_external_layout_context,LZ/LZ0 stream contains compressed pixel/index data; no screen x/y placement field was found in the format.
COMMON.FS,PICTURE.LZ,.LZ,479,5363707,179665,307200,common_graphic,False,,,,,not_encoded_in_lz__unknown_without_external_layout_context,LZ/LZ0 stream contains compressed pixel/index data; no screen x/y placement field was found in the format.
COMMON.FS,PLK_ACT.LZ0,.LZ0,482,5567997,271,9246,common_graphic,False,,,,,not_encoded_in_lz__unknown_without_external_layout_context,LZ/LZ0 stream contains compressed pixel/index data; no screen x/y placement field was found in the format.
COMMON.FS,PRP_ACT.LZ0,.LZ0,487,5692346,337,12638,common_graphic,False,,,,,not_encoded_in_lz__unknown_without_external_layout_context,LZ/LZ0 stream contains compressed pixel/index data; no screen x/y placement field was found in the format.
COMMON.FS,RAD00.LZ,.LZ,488,5692683,2656,5928,rank_or_rating_graphic,False,,,,,not_encoded_in_lz__unknown_without_external_layout_context,LZ/LZ0 stream contains compressed pixel/index data; no screen x/y placement field was found in the format.
COMMON.FS,RAD01.LZ,.LZ,489,5695339,2679,5928,rank_or_rating_graphic,False,,,,,not_encoded_in_lz__unknown_without_external_layout_context,LZ/LZ0 stream contains compressed pixel/index data; no screen x/y placement field was found in the format.
COMMON.FS,RAD02.LZ,.LZ,490,5698018,2689,5928,rank_or_rating_graphic,False,,,,,not_encoded_in_lz__unknown_without_external_layout_context,LZ/LZ0 stream contains compressed pixel/index data; no screen x/y placement field was found in the format.
COMMON.FS,RAD03.LZ,.LZ,491,5700707,2699,5928,rank_or_rating_graphic,False,,,,,not_encoded_in_lz__unknown_without_external_layout_context,LZ/LZ0 stream contains compressed pixel/index data; no screen x/y placement field was found in the format.
COMMON.FS,RAD04.LZ,.LZ,492,5703406,2693,5928,rank_or_rating_graphic,False,,,,,not_encoded_in_lz__unknown_without_external_layout_context,LZ/LZ0 stream contains compressed pixel/index data; no screen x/y placement field was found in the format.
COMMON.FS,RAD05.LZ,.LZ,493,5706099,2710,5928,rank_or_rating_graphic,False,,,,,not_encoded_in_lz__unknown_without_external_layout_context,LZ/LZ0 stream contains compressed pixel/index data; no screen x/y placement field was found in the format.
COMMON.FS,RAD06.LZ,.LZ,494,5708809,2697,5928,rank_or_rating_graphic,False,,,,,not_encoded_in_lz__unknown_without_external_layout_context,LZ/LZ0 stream contains compressed pixel/index data; no screen x/y placement field was found in the format.
COMMON.FS,RAD07.LZ,.LZ,495,5711506,2713,5928,rank_or_rating_graphic,False,,,,,not_encoded_in_lz__unknown_without_external_layout_context,LZ/LZ0 stream contains compressed pixel/index data; no screen x/y placement field was found in the format.
COMMON.FS,RAD08.LZ,.LZ,496,5714219,2726,5928,rank_or_rating_graphic,False,,,,,not_encoded_in_lz__unknown_without_external_layout_context,LZ/LZ0 stream contains compressed pixel/index data; no screen x/y placement field was found in the format.
COMMON.FS,RAD09.LZ,.LZ,497,5716945,2731,5928,rank_or_rating_graphic,False,,,,,not_encoded_in_lz__unknown_without_external_layout_context,LZ/LZ0 stream contains compressed pixel/index data; no screen x/y placement field was found in the format.
COMMON.FS,RAD10.LZ,.LZ,498,5719676,2725,5928,rank_or_rating_graphic,False,,,,,not_encoded_in_lz__unknown_without_external_layout_context,LZ/LZ0 stream contains compressed pixel/index data; no screen x/y placement field was found in the format.
COMMON.FS,RAD11.LZ,.LZ,499,5722401,2725,5928,rank_or_rating_graphic,False,,,,,not_encoded_in_lz__unknown_without_external_layout_context,LZ/LZ0 stream contains compressed pixel/index data; no screen x/y placement field was found in the format.
COMMON.FS,RAD12.LZ,.LZ,500,5725126,2731,5928,rank_or_rating_graphic,False,,,,,not_encoded_in_lz__unknown_without_external_layout_context,LZ/LZ0 stream contains compressed pixel/index data; no screen x/y placement field was found in the format.
COMMON.FS,RAD13.LZ,.LZ,501,5727857,2732,5928,rank_or_rating_graphic,False,,,,,not_encoded_in_lz__unknown_without_external_layout_context,LZ/LZ0 stream contains compressed pixel/index data; no screen x/y placement field was found in the format.
COMMON.FS,RAD14.LZ,.LZ,502,5730589,2711,5928,rank_or_rating_graphic,False,,,,,not_encoded_in_lz__unknown_without_external_layout_context,LZ/LZ0 stream contains compressed pixel/index data; no screen x/y placement field was found in the format.
COMMON.FS,RAD15.LZ,.LZ,503,5733300,2714,5928,rank_or_rating_graphic,False,,,,,not_encoded_in_lz__unknown_without_external_layout_context,LZ/LZ0 stream contains compressed pixel/index data; no screen x/y placement field was found in the format.
COMMON.FS,RAD16.LZ,.LZ,504,5736014,2716,5928,rank_or_rating_graphic,False,,,,,not_encoded_in_lz__unknown_without_external_layout_context,LZ/LZ0 stream contains compressed pixel/index data; no screen x/y placement field was found in the format.
COMMON.FS,RAD17.LZ,.LZ,505,5738730,2706,5928,rank_or_rating_graphic,False,,,,,not_encoded_in_lz__unknown_without_external_layout_context,LZ/LZ0 stream contains compressed pixel/index data; no screen x/y placement field was found in the format.
COMMON.FS,RAD18.LZ,.LZ,506,5741436,2681,5928,rank_or_rating_graphic,False,,,,,not_encoded_in_lz__unknown_without_external_layout_context,LZ/LZ0 stream contains compressed pixel/index data; no screen x/y placement field was found in the format.
COMMON.FS,RAD19.LZ,.LZ,507,5744117,2711,5928,rank_or_rating_graphic,False,,,,,not_encoded_in_lz__unknown_without_external_layout_context,LZ/LZ0 stream contains compressed pixel/index data; no screen x/y placement field was found in the format.
COMMON.FS,RAD20.LZ,.LZ,508,5746828,2674,5928,rank_or_rating_graphic,False,,,,,not_encoded_in_lz__unknown_without_external_layout_context,LZ/LZ0 stream contains compressed pixel/index data; no screen x/y placement field was found in the format.
COMMON.FS,RAD21.LZ,.LZ,509,5749502,2683,5928,rank_or_rating_graphic,False,,,,,not_encoded_in_lz__unknown_without_external_layout_context,LZ/LZ0 stream contains compressed pixel/index data; no screen x/y placement field was found in the format.
COMMON.FS,RAD22.LZ,.LZ,510,5752185,2682,5928,rank_or_rating_graphic,False,,,,,not_encoded_in_lz__unknown_without_external_layout_context,LZ/LZ0 stream contains compressed pixel/index data; no screen x/y placement field was found in the format.
COMMON.FS,RAD23.LZ,.LZ,511,5754867,2665,5928,rank_or_rating_graphic,False,,,,,not_encoded_in_lz__unknown_without_external_layout_context,LZ/LZ0 stream contains compressed pixel/index data; no screen x/y placement field was found in the format.
COMMON.FS,RAD24.LZ,.LZ,512,5757532,2691,5928,rank_or_rating_graphic,False,,,,,not_encoded_in_lz__unknown_without_external_layout_context,LZ/LZ0 stream contains compressed pixel/index data; no screen x/y placement field was found in the format.
COMMON.FS,RAD25.LZ,.LZ,513,5760223,2704,5928,rank_or_rating_graphic,False,,,,,not_encoded_in_lz__unknown_without_external_layout_context,LZ/LZ0 stream contains compressed pixel/index data; no screen x/y placement field was found in the format.
COMMON.FS,RAD26.LZ,.LZ,514,5762927,2693,5928,rank_or_rating_graphic,False,,,,,not_encoded_in_lz__unknown_without_external_layout_context,LZ/LZ0 stream contains compressed pixel/index data; no screen x/y placement field was found in the format.
COMMON.FS,RAD27.LZ,.LZ,515,5765620,2694,5928,rank_or_rating_graphic,False,,,,,not_encoded_in_lz__unknown_without_external_layout_context,LZ/LZ0 stream contains compressed pixel/index data; no screen x/y placement field was found in the format.
COMMON.FS,RAD28.LZ,.LZ,516,5768314,2691,5928,rank_or_rating_graphic,False,,,,,not_encoded_in_lz__unknown_without_external_layout_context,LZ/LZ0 stream contains compressed pixel/index data; no screen x/y placement field was found in the format.
COMMON.FS,RAD29.LZ,.LZ,517,5771005,2695,5928,rank_or_rating_graphic,False,,,,,not_encoded_in_lz__unknown_without_external_layout_context,LZ/LZ0 stream contains compressed pixel/index data; no screen x/y placement field was found in the format.
COMMON.FS,RAD30.LZ,.LZ,518,5773700,2714,5928,rank_or_rating_graphic,False,,,,,not_encoded_in_lz__unknown_without_external_layout_context,LZ/LZ0 stream contains compressed pixel/index data; no screen x/y placement field was found in the format.
COMMON.FS,RAD31.LZ,.LZ,519,5776414,2709,5928,rank_or_rating_graphic,False,,,,,not_encoded_in_lz__unknown_without_external_layout_context,LZ/LZ0 stream contains compressed pixel/index data; no screen x/y placement field was found in the format.
COMMON.FS,RAD32.LZ,.LZ,520,5779123,2689,5928,rank_or_rating_graphic,False,,,,,not_encoded_in_lz__unknown_without_external_layout_context,LZ/LZ0 stream contains compressed pixel/index data; no screen x/y placement field was found in the format.
COMMON.FS,RAD33.LZ,.LZ,521,5781812,2695,5928,rank_or_rating_graphic,False,,,,,not_encoded_in_lz__unknown_without_external_layout_context,LZ/LZ0 stream contains compressed pixel/index data; no screen x/y placement field was found in the format.
COMMON.FS,RAD34.LZ,.LZ,522,5784507,2729,5928,rank_or_rating_graphic,False,,,,,not_encoded_in_lz__unknown_without_external_layout_context,LZ/LZ0 stream contains compressed pixel/index data; no screen x/y placement field was found in the format.
COMMON.FS,RAD35.LZ,.LZ,523,5787236,2708,5928,rank_or_rating_graphic,False,,,,,not_encoded_in_lz__unknown_without_external_layout_context,LZ/LZ0 stream contains compressed pixel/index data; no screen x/y placement field was found in the format.
COMMON.FS,RAD36.LZ,.LZ,524,5789944,2723,5928,rank_or_rating_graphic,False,,,,,not_encoded_in_lz__unknown_without_external_layout_context,LZ/LZ0 stream contains compressed pixel/index data; no screen x/y placement field was found in the format.
COMMON.FS,RAD37.LZ,.LZ,525,5792667,2717,5928,rank_or_rating_graphic,False,,,,,not_encoded_in_lz__unknown_without_external_layout_context,LZ/LZ0 stream contains compressed pixel/index data; no screen x/y placement field was found in the format.
COMMON.FS,RAD38.LZ,.LZ,526,5795384,2723,5928,rank_or_rating_graphic,False,,,,,not_encoded_in_lz__unknown_without_external_layout_context,LZ/LZ0 stream contains compressed pixel/index data; no screen x/y placement field was found in the format.
COMMON.FS,RAD39.LZ,.LZ,527,5798107,2723,5928,rank_or_rating_graphic,False,,,,,not_encoded_in_lz__unknown_without_external_layout_context,LZ/LZ0 stream contains compressed pixel/index data; no screen x/y placement field was found in the format.
COMMON.FS,RAD40.LZ,.LZ,528,5800830,2725,5928,rank_or_rating_graphic,False,,,,,not_encoded_in_lz__unknown_without_external_layout_context,LZ/LZ0 stream contains compressed pixel/index data; no screen x/y placement field was found in the format.
COMMON.FS,RAD41.LZ,.LZ,529,5803555,2724,5928,rank_or_rating_graphic,False,,,,,not_encoded_in_lz__unknown_without_external_layout_context,LZ/LZ0 stream contains compressed pixel/index data; no screen x/y placement field was found in the format.
COMMON.FS,RAD42.LZ,.LZ,530,5806279,2681,5928,rank_or_rating_graphic,False,,,,,not_encoded_in_lz__unknown_without_external_layout_context,LZ/LZ0 stream contains compressed pixel/index data; no screen x/y placement field was found in the format.
COMMON.FS,RAD43.LZ,.LZ,531,5808960,2688,5928,rank_or_rating_graphic,False,,,,,not_encoded_in_lz__unknown_without_external_layout_context,LZ/LZ0 stream contains compressed pixel/index data; no screen x/y placement field was found in the format.
COMMON.FS,RAD44.LZ,.LZ,532,5811648,2692,5928,rank_or_rating_graphic,False,,,,,not_encoded_in_lz__unknown_without_external_layout_context,LZ/LZ0 stream contains compressed pixel/index data; no screen x/y placement field was found in the format.
COMMON.FS,RAD45.LZ,.LZ,533,5814340,2685,5928,rank_or_rating_graphic,False,,,,,not_encoded_in_lz__unknown_without_external_layout_context,LZ/LZ0 stream contains compressed pixel/index data; no screen x/y placement field was found in the format.
COMMON.FS,RAD46.LZ,.LZ,534,5817025,2686,5928,rank_or_rating_graphic,False,,,,,not_encoded_in_lz__unknown_without_external_layout_context,LZ/LZ0 stream contains compressed pixel/index data; no screen x/y placement field was found in the format.
COMMON.FS,RAD47.LZ,.LZ,535,5819711,2694,5928,rank_or_rating_graphic,False,,,,,not_encoded_in_lz__unknown_without_external_layout_context,LZ/LZ0 stream contains compressed pixel/index data; no screen x/y placement field was found in the format.
COMMON.FS,RAD48.LZ,.LZ,536,5822405,2679,5928,rank_or_rating_graphic,False,,,,,not_encoded_in_lz__unknown_without_external_layout_context,LZ/LZ0 stream contains compressed pixel/index data; no screen x/y placement field was found in the format.
COMMON.FS,RAD49.LZ,.LZ,537,5825084,2668,5928,rank_or_rating_graphic,False,,,,,not_encoded_in_lz__unknown_without_external_layout_context,LZ/LZ0 stream contains compressed pixel/index data; no screen x/y placement field was found in the format.
COMMON.FS,RES_BAR.LZ,.LZ,549,5858446,1146,4160,strategic_ui_graphic,False,,,,,not_encoded_in_lz__unknown_without_external_layout_context,LZ/LZ0 stream contains compressed pixel/index data; no screen x/y placement field was found in the format.
COMMON.FS,RSRCH_BG.LZ,.LZ,552,5881680,81965,188384,strategic_ui_graphic,False,,,406,464,validated_by_name_layout_and_decoded_size,LZ/LZ0 stream contains compressed pixel/index data; no screen x/y placement field was found in the format.
COMMON.FS,RTA_SEL.LZ0,.LZ0,553,5963645,84,2112,common_graphic,False,,,,,not_encoded_in_lz__unknown_without_external_layout_context,LZ/LZ0 stream contains compressed pixel/index data; no screen x/y placement field was found in the format.
COMMON.FS,SB_BAR01.LZ,.LZ,557,5967060,3486,5968,common_graphic,False,,,,,not_encoded_in_lz__unknown_without_external_layout_context,LZ/LZ0 stream contains compressed pixel/index data; no screen x/y placement field was found in the format.
COMMON.FS,SB_BAR02.LZ,.LZ,558,5970546,3886,6672,common_graphic,False,,,,,not_encoded_in_lz__unknown_without_external_layout_context,LZ/LZ0 stream contains compressed pixel/index data; no screen x/y placement field was found in the format.
COMMON.FS,SB_BAR03.LZ,.LZ,559,5974432,2179,3696,common_graphic,False,,,,,not_encoded_in_lz__unknown_without_external_layout_context,LZ/LZ0 stream contains compressed pixel/index data; no screen x/y placement field was found in the format.
COMMON.FS,SB_BG01.LZ,.LZ,560,5976611,19782,69927,common_graphic,False,,,,,not_encoded_in_lz__unknown_without_external_layout_context,LZ/LZ0 stream contains compressed pixel/index data; no screen x/y placement field was found in the format.
COMMON.FS,SB_BG02.LZ,.LZ,561,5996393,19760,76936,common_graphic,False,,,,,not_encoded_in_lz__unknown_without_external_layout_context,LZ/LZ0 stream contains compressed pixel/index data; no screen x/y placement field was found in the format.
COMMON.FS,SB_BG03.LZ,.LZ,562,6016153,13394,46781,common_graphic,False,,,,,not_encoded_in_lz__unknown_without_external_layout_context,LZ/LZ0 stream contains compressed pixel/index data; no screen x/y placement field was found in the format.
COMMON.FS,SB_BG04.LZ,.LZ,563,6029547,13342,46781,common_graphic,False,,,,,not_encoded_in_lz__unknown_without_external_layout_context,LZ/LZ0 stream contains compressed pixel/index data; no screen x/y placement field was found in the format.
COMMON.FS,SB_DOWN.LZ,.LZ,564,6042889,112,616,common_graphic,False,,,,,not_encoded_in_lz__unknown_without_external_layout_context,LZ/LZ0 stream contains compressed pixel/index data; no screen x/y placement field was found in the format.
COMMON.FS,SB_UP.LZ,.LZ,565,6043001,121,616,common_graphic,False,,,,,not_encoded_in_lz__unknown_without_external_layout_context,LZ/LZ0 stream contains compressed pixel/index data; no screen x/y placement field was found in the format.
COMMON.FS,SCI_LOGO.LZ,.LZ,566,6043122,60897,307200,common_graphic,False,,,,,not_encoded_in_lz__unknown_without_external_layout_context,LZ/LZ0 stream contains compressed pixel/index data; no screen x/y placement field was found in the format.
COMMON.FS,SELECT_A.LZ0,.LZ0,569,6105045,542,3604,selection_graphic,False,,,,,not_encoded_in_lz__unknown_without_external_layout_context,LZ/LZ0 stream contains compressed pixel/index data; no screen x/y placement field was found in the format.
COMMON.FS,SELECT_B.LZ0,.LZ0,570,6105587,683,5016,selection_graphic,False,,,,,not_encoded_in_lz__unknown_without_external_layout_context,LZ/LZ0 stream contains compressed pixel/index data; no screen x/y placement field was found in the format.
COMMON.FS,SELECT_C.LZ0,.LZ0,571,6106270,669,5012,selection_graphic,False,,,,,not_encoded_in_lz__unknown_without_external_layout_context,LZ/LZ0 stream contains compressed pixel/index data; no screen x/y placement field was found in the format.
COMMON.FS,SELECT_D.LZ0,.LZ0,572,6106939,702,5056,selection_graphic,False,,,,,not_encoded_in_lz__unknown_without_external_layout_context,LZ/LZ0 stream contains compressed pixel/index data; no screen x/y placement field was found in the format.
COMMON.FS,SELECT_E.LZ0,.LZ0,573,6107641,551,3640,selection_graphic,False,,,,,not_encoded_in_lz__unknown_without_external_layout_context,LZ/LZ0 stream contains compressed pixel/index data; no screen x/y placement field was found in the format.
COMMON.FS,SELECT_F.LZ0,.LZ0,574,6108192,552,3632,selection_graphic,False,,,,,not_encoded_in_lz__unknown_without_external_layout_context,LZ/LZ0 stream contains compressed pixel/index data; no screen x/y placement field was found in the format.
COMMON.FS,SELECT_G.LZ0,.LZ0,575,6108744,373,2160,selection_graphic,False,,,,,not_encoded_in_lz__unknown_without_external_layout_context,LZ/LZ0 stream contains compressed pixel/index data; no screen x/y placement field was found in the format.
COMMON.FS,SELECT_H.LZ0,.LZ0,576,6109117,388,2156,selection_graphic,False,,,,,not_encoded_in_lz__unknown_without_external_layout_context,LZ/LZ0 stream contains compressed pixel/index data; no screen x/y placement field was found in the format.
COMMON.FS,SELECT_I.LZ0,.LZ0,577,6109505,393,2140,selection_graphic,False,,,,,not_encoded_in_lz__unknown_without_external_layout_context,LZ/LZ0 stream contains compressed pixel/index data; no screen x/y placement field was found in the format.
COMMON.FS,SELECT_J.LZ0,.LZ0,578,6109898,366,2168,selection_graphic,False,,,,,not_encoded_in_lz__unknown_without_external_layout_context,LZ/LZ0 stream contains compressed pixel/index data; no screen x/y placement field was found in the format.
COMMON.FS,SELECT_K.LZ0,.LZ0,579,6110264,544,3652,selection_graphic,False,,,,,not_encoded_in_lz__unknown_without_external_layout_context,LZ/LZ0 stream contains compressed pixel/index data; no screen x/y placement field was found in the format.
COMMON.FS,SELECT_L.LZ0,.LZ0,580,6110808,553,3624,selection_graphic,False,,,,,not_encoded_in_lz__unknown_without_external_layout_context,LZ/LZ0 stream contains compressed pixel/index data; no screen x/y placement field was found in the format.
COMMON.FS,SELECT_M.LZ0,.LZ0,581,6111361,692,5064,selection_graphic,False,,,,,not_encoded_in_lz__unknown_without_external_layout_context,LZ/LZ0 stream contains compressed pixel/index data; no screen x/y placement field was found in the format.
COMMON.FS,SKUSKA.LZ,.LZ,585,6113300,179665,307200,common_graphic,False,,,,,not_encoded_in_lz__unknown_without_external_layout_context,LZ/LZ0 stream contains compressed pixel/index data; no screen x/y placement field was found in the format.
COMMON.FS,STATS.LZ,.LZ,863,6416716,90653,264016,strategic_ui_graphic,False,,,569,464,validated_by_name_layout_and_decoded_size,LZ/LZ0 stream contains compressed pixel/index data; no screen x/y placement field was found in the format.
COMMON.FS,T01.LZ,.LZ,1006,6571077,2424,6200,common_graphic,False,,,,,not_encoded_in_lz__unknown_without_external_layout_context,LZ/LZ0 stream contains compressed pixel/index data; no screen x/y placement field was found in the format.
COMMON.FS,T01C.LZ,.LZ,1007,6573501,2435,6200,common_graphic,False,,,,,not_encoded_in_lz__unknown_without_external_layout_context,LZ/LZ0 stream contains compressed pixel/index data; no screen x/y placement field was found in the format.
COMMON.FS,T01CH.LZ,.LZ,1008,6575936,2499,6200,common_graphic,False,,,,,not_encoded_in_lz__unknown_without_external_layout_context,LZ/LZ0 stream contains compressed pixel/index data; no screen x/y placement field was found in the format.
COMMON.FS,T02.LZ,.LZ,1009,6578435,2846,6200,common_graphic,False,,,,,not_encoded_in_lz__unknown_without_external_layout_context,LZ/LZ0 stream contains compressed pixel/index data; no screen x/y placement field was found in the format.
COMMON.FS,T02C.LZ,.LZ,1010,6581281,2829,6200,common_graphic,False,,,,,not_encoded_in_lz__unknown_without_external_layout_context,LZ/LZ0 stream contains compressed pixel/index data; no screen x/y placement field was found in the format.
COMMON.FS,T02CH.LZ,.LZ,1011,6584110,2942,6200,common_graphic,False,,,,,not_encoded_in_lz__unknown_without_external_layout_context,LZ/LZ0 stream contains compressed pixel/index data; no screen x/y placement field was found in the format.
COMMON.FS,T03.LZ,.LZ,1012,6587052,2750,6200,common_graphic,False,,,,,not_encoded_in_lz__unknown_without_external_layout_context,LZ/LZ0 stream contains compressed pixel/index data; no screen x/y placement field was found in the format.
COMMON.FS,T03C.LZ,.LZ,1013,6589802,2778,6200,common_graphic,False,,,,,not_encoded_in_lz__unknown_without_external_layout_context,LZ/LZ0 stream contains compressed pixel/index data; no screen x/y placement field was found in the format.
COMMON.FS,T03CH.LZ,.LZ,1014,6592580,2832,6200,common_graphic,False,,,,,not_encoded_in_lz__unknown_without_external_layout_context,LZ/LZ0 stream contains compressed pixel/index data; no screen x/y placement field was found in the format.
COMMON.FS,T04.LZ,.LZ,1015,6595412,2646,6200,common_graphic,False,,,,,not_encoded_in_lz__unknown_without_external_layout_context,LZ/LZ0 stream contains compressed pixel/index data; no screen x/y placement field was found in the format.
COMMON.FS,T04C.LZ,.LZ,1016,6598058,2671,6200,common_graphic,False,,,,,not_encoded_in_lz__unknown_without_external_layout_context,LZ/LZ0 stream contains compressed pixel/index data; no screen x/y placement field was found in the format.
COMMON.FS,T04CH.LZ,.LZ,1017,6600729,2742,6200,common_graphic,False,,,,,not_encoded_in_lz__unknown_without_external_layout_context,LZ/LZ0 stream contains compressed pixel/index data; no screen x/y placement field was found in the format.
COMMON.FS,TUTMNU.LZ,.LZ,1034,6683278,24655,53500,common_graphic,False,,,,,not_encoded_in_lz__unknown_without_external_layout_context,LZ/LZ0 stream contains compressed pixel/index data; no screen x/y placement field was found in the format.
COMMON.FS,ULED_OFF.LZ,.LZ,1041,6708927,10,16,common_graphic,False,,,,,not_encoded_in_lz__unknown_without_external_layout_context,LZ/LZ0 stream contains compressed pixel/index data; no screen x/y placement field was found in the format.
COMMON.FS,ULED_ON.LZ,.LZ,1042,6708937,10,16,common_graphic,False,,,,,not_encoded_in_lz__unknown_without_external_layout_context,LZ/LZ0 stream contains compressed pixel/index data; no screen x/y placement field was found in the format.
COMMON.FS,UNITS.LZ,.LZ,1045,6710310,47749,188384,strategic_ui_graphic,False,,,406,464,validated_by_name_layout_and_decoded_size,LZ/LZ0 stream contains compressed pixel/index data; no screen x/y placement field was found in the format.
COMMON.FS,UNT_ACT.LZ0,.LZ0,1047,6758347,181,3300,common_graphic,False,,,,,not_encoded_in_lz__unknown_without_external_layout_context,LZ/LZ0 stream contains compressed pixel/index data; no screen x/y placement field was found in the format.
COMMON.FS,VMB_DIS.LZ,.LZ,1054,6765192,251,2482,battlefield_ui_graphic,False,,,,,not_encoded_in_lz__unknown_without_external_layout_context,LZ/LZ0 stream contains compressed pixel/index data; no screen x/y placement field was found in the format.
COMMON.FS,VMB_DIS2.LZ,.LZ,1055,6765443,183,2112,battlefield_ui_graphic,False,,,,,not_encoded_in_lz__unknown_without_external_layout_context,LZ/LZ0 stream contains compressed pixel/index data; no screen x/y placement field was found in the format.
COMMON.FS,VMB_FULL.LZ,.LZ,1056,6765626,10717,276000,battlefield_ui_graphic,False,,,,,not_encoded_in_lz__unknown_without_external_layout_context,LZ/LZ0 stream contains compressed pixel/index data; no screen x/y placement field was found in the format.
COMMON.FS,VMB_LST1.LZ,.LZ,1057,6776343,1560,6683,battlefield_ui_graphic,False,,,,,not_encoded_in_lz__unknown_without_external_layout_context,LZ/LZ0 stream contains compressed pixel/index data; no screen x/y placement field was found in the format.
COMMON.FS,VMB_LST2.LZ,.LZ,1058,6777903,8311,33981,battlefield_ui_graphic,False,,,,,not_encoded_in_lz__unknown_without_external_layout_context,LZ/LZ0 stream contains compressed pixel/index data; no screen x/y placement field was found in the format.
COMMON.FS,VMF_FULL.LZ,.LZ,1063,6787458,4782,276000,battlefield_ui_graphic,False,,,,,not_encoded_in_lz__unknown_without_external_layout_context,LZ/LZ0 stream contains compressed pixel/index data; no screen x/y placement field was found in the format.
COMMON.FS,VMH_FULL.LZ,.LZ,1066,6792364,5915,276000,battlefield_ui_graphic,False,,,,,not_encoded_in_lz__unknown_without_external_layout_context,LZ/LZ0 stream contains compressed pixel/index data; no screen x/y placement field was found in the format.
COMMON.FS,VMI_FULL.LZ,.LZ,1067,6798279,5771,276000,battlefield_ui_graphic,False,,,,,not_encoded_in_lz__unknown_without_external_layout_context,LZ/LZ0 stream contains compressed pixel/index data; no screen x/y placement field was found in the format.
COMMON.FS,VMM_FULL.LZ,.LZ,1072,6805294,23242,276000,battlefield_ui_graphic,False,,,,,not_encoded_in_lz__unknown_without_external_layout_context,LZ/LZ0 stream contains compressed pixel/index data; no screen x/y placement field was found in the format.
COMMON.FS,VMM_LST1.LZ,.LZ,1076,6828919,3713,6683,battlefield_ui_graphic,False,,,,,not_encoded_in_lz__unknown_without_external_layout_context,LZ/LZ0 stream contains compressed pixel/index data; no screen x/y placement field was found in the format.
COMMON.FS,VMM_LST2.LZ,.LZ,1077,6832632,20087,70644,battlefield_ui_graphic,False,,,,,not_encoded_in_lz__unknown_without_external_layout_context,LZ/LZ0 stream contains compressed pixel/index data; no screen x/y placement field was found in the format.
COMMON.FS,VMO_BAR.LZ,.LZ,1078,6852719,96,120,battlefield_ui_graphic,False,,,,,not_encoded_in_lz__unknown_without_external_layout_context,LZ/LZ0 stream contains compressed pixel/index data; no screen x/y placement field was found in the format.
COMMON.FS,VMO_FULL.LZ,.LZ,1079,6852815,11176,276000,battlefield_ui_graphic,False,,,,,not_encoded_in_lz__unknown_without_external_layout_context,LZ/LZ0 stream contains compressed pixel/index data; no screen x/y placement field was found in the format.
COMMON.FS,VMR_FULL.LZ,.LZ,1084,6865235,8650,276000,battlefield_ui_graphic,False,,,,,not_encoded_in_lz__unknown_without_external_layout_context,LZ/LZ0 stream contains compressed pixel/index data; no screen x/y placement field was found in the format.
COMMON.FS,VMR_LST1.LZ,.LZ,1085,6873885,3260,4800,battlefield_ui_graphic,False,,,,,not_encoded_in_lz__unknown_without_external_layout_context,LZ/LZ0 stream contains compressed pixel/index data; no screen x/y placement field was found in the format.
COMMON.FS,VMS_FULL.LZ,.LZ,1086,6877145,2765,276000,battlefield_ui_graphic,False,,,,,not_encoded_in_lz__unknown_without_external_layout_context,LZ/LZ0 stream contains compressed pixel/index data; no screen x/y placement field was found in the format.
COMMON.FS,VMU_FULL.LZ,.LZ,1087,6879910,10735,276000,battlefield_ui_graphic,False,,,,,not_encoded_in_lz__unknown_without_external_layout_context,LZ/LZ0 stream contains compressed pixel/index data; no screen x/y placement field was found in the format.
COMMON.FS,VMU_LST1.LZ,.LZ,1088,6890645,1346,6314,battlefield_ui_graphic,False,,,,,not_encoded_in_lz__unknown_without_external_layout_context,LZ/LZ0 stream contains compressed pixel/index data; no screen x/y placement field was found in the format.
COMMON.FS,VMU_LST2.LZ,.LZ,1089,6891991,6432,33981,battlefield_ui_graphic,False,,,,,not_encoded_in_lz__unknown_without_external_layout_context,LZ/LZ0 stream contains compressed pixel/index data; no screen x/y placement field was found in the format.
COMMON.FS,VMU_SLCT.LZ,.LZ,1090,6898423,113,2482,battlefield_ui_graphic,False,,,,,not_encoded_in_lz__unknown_without_external_layout_context,LZ/LZ0 stream contains compressed pixel/index data; no screen x/y placement field was found in the format.
COMMON.FS,WM_STAT.LZ,.LZ,1135,6958275,26567,71400,battlefield_ui_graphic,False,,,,,not_encoded_in_lz__unknown_without_external_layout_context,LZ/LZ0 stream contains compressed pixel/index data; no screen x/y placement field was found in the format.
COMMON.FS,ZLED_ON.LZ,.LZ,1136,6984842,10,16,common_graphic,False,,,,,not_encoded_in_lz__unknown_without_external_layout_context,LZ/LZ0 stream contains compressed pixel/index data; no screen x/y placement field was found in the format.
INFO.FS,AMX13_2.LZ,.LZ,2,14350,50754,170430,unit_info_render,False,,,,,not_encoded_in_lz__unknown_without_external_layout_context,LZ/LZ0 stream contains compressed pixel/index data; no screen x/y placement field was found in the format.
INFO.FS,AMX13_3.LZ,.LZ,4,65680,37878,170430,unit_info_render,False,,,,,not_encoded_in_lz__unknown_without_external_layout_context,LZ/LZ0 stream contains compressed pixel/index data; no screen x/y placement field was found in the format.
INFO.FS,AMX13_4.LZ,.LZ,6,104134,53655,170430,unit_info_render,False,,,,,not_encoded_in_lz__unknown_without_external_layout_context,LZ/LZ0 stream contains compressed pixel/index data; no screen x/y placement field was found in the format.
INFO.FS,AMX13_5.LZ,.LZ,8,158365,57338,170430,unit_info_render,False,,,,,not_encoded_in_lz__unknown_without_external_layout_context,LZ/LZ0 stream contains compressed pixel/index data; no screen x/y placement field was found in the format.
INFO.FS,AMX30_1.LZ,.LZ,12,217137,75010,170430,unit_info_render,False,,,,,not_encoded_in_lz__unknown_without_external_layout_context,LZ/LZ0 stream contains compressed pixel/index data; no screen x/y placement field was found in the format.
INFO.FS,AMX30_2.LZ,.LZ,14,292723,40122,170430,unit_info_render,False,,,,,not_encoded_in_lz__unknown_without_external_layout_context,LZ/LZ0 stream contains compressed pixel/index data; no screen x/y placement field was found in the format.
INFO.FS,AMX30_3.LZ,.LZ,16,333421,73330,170430,unit_info_render,False,,,,,not_encoded_in_lz__unknown_without_external_layout_context,LZ/LZ0 stream contains compressed pixel/index data; no screen x/y placement field was found in the format.
INFO.FS,AMX30_4.LZ,.LZ,18,407327,96883,170430,unit_info_render,False,,,,,not_encoded_in_lz__unknown_without_external_layout_context,LZ/LZ0 stream contains compressed pixel/index data; no screen x/y placement field was found in the format.
INFO.FS,ANJEL_1.LZ,.LZ,22,505489,66176,170430,unit_info_render,False,,,,,not_encoded_in_lz__unknown_without_external_layout_context,LZ/LZ0 stream contains compressed pixel/index data; no screen x/y placement field was found in the format.
INFO.FS,ANJEL_2.LZ,.LZ,24,572241,53127,170430,unit_info_render,False,,,,,not_encoded_in_lz__unknown_without_external_layout_context,LZ/LZ0 stream contains compressed pixel/index data; no screen x/y placement field was found in the format.
INFO.FS,ANJEL_3.LZ,.LZ,26,625944,65241,170430,unit_info_render,False,,,,,not_encoded_in_lz__unknown_without_external_layout_context,LZ/LZ0 stream contains compressed pixel/index data; no screen x/y placement field was found in the format.
INFO.FS,ANJEL_4.LZ,.LZ,28,691761,55415,170430,unit_info_render,False,,,,,not_encoded_in_lz__unknown_without_external_layout_context,LZ/LZ0 stream contains compressed pixel/index data; no screen x/y placement field was found in the format.
INFO.FS,BALIST_1.LZ,.LZ,32,748528,78282,170430,unit_info_render,False,,,,,not_encoded_in_lz__unknown_without_external_layout_context,LZ/LZ0 stream contains compressed pixel/index data; no screen x/y placement field was found in the format.
INFO.FS,BALIST_2.LZ,.LZ,34,827386,38850,170430,unit_info_render,False,,,,,not_encoded_in_lz__unknown_without_external_layout_context,LZ/LZ0 stream contains compressed pixel/index data; no screen x/y placement field was found in the format.
INFO.FS,BALIST_3.LZ,.LZ,36,866812,67861,170430,unit_info_render,False,,,,,not_encoded_in_lz__unknown_without_external_layout_context,LZ/LZ0 stream contains compressed pixel/index data; no screen x/y placement field was found in the format.
INFO.FS,BALIST_4.LZ,.LZ,38,935249,45192,170430,unit_info_render,False,,,,,not_encoded_in_lz__unknown_without_external_layout_context,LZ/LZ0 stream contains compressed pixel/index data; no screen x/y placement field was found in the format.
INFO.FS,BALON_1.LZ,.LZ,42,981319,42215,170430,unit_info_render,False,,,,,not_encoded_in_lz__unknown_without_external_layout_context,LZ/LZ0 stream contains compressed pixel/index data; no screen x/y placement field was found in the format.
INFO.FS,BALON_2.LZ,.LZ,44,1024110,34194,170430,unit_info_render,False,,,,,not_encoded_in_lz__unknown_without_external_layout_context,LZ/LZ0 stream contains compressed pixel/index data; no screen x/y placement field was found in the format.
INFO.FS,BALON_3.LZ,.LZ,46,1058880,44879,170430,unit_info_render,False,,,,,not_encoded_in_lz__unknown_without_external_layout_context,LZ/LZ0 stream contains compressed pixel/index data; no screen x/y placement field was found in the format.
INFO.FS,BALON_4.LZ,.LZ,48,1104335,24301,170430,unit_info_render,False,,,,,not_encoded_in_lz__unknown_without_external_layout_context,LZ/LZ0 stream contains compressed pixel/index data; no screen x/y placement field was found in the format.
INFO.FS,BREORN_1.LZ,.LZ,52,1129683,63906,170430,unit_info_render,False,,,,,not_encoded_in_lz__unknown_without_external_layout_context,LZ/LZ0 stream contains compressed pixel/index data; no screen x/y placement field was found in the format.
INFO.FS,BREORN_2.LZ,.LZ,54,1194165,62140,170430,unit_info_render,False,,,,,not_encoded_in_lz__unknown_without_external_layout_context,LZ/LZ0 stream contains compressed pixel/index data; no screen x/y placement field was found in the format.
INFO.FS,BREORN_3.LZ,.LZ,56,1256881,84559,170430,unit_info_render,False,,,,,not_encoded_in_lz__unknown_without_external_layout_context,LZ/LZ0 stream contains compressed pixel/index data; no screen x/y placement field was found in the format.
INFO.FS,BREORN_4.LZ,.LZ,58,1342016,44750,170430,unit_info_render,False,,,,,not_encoded_in_lz__unknown_without_external_layout_context,LZ/LZ0 stream contains compressed pixel/index data; no screen x/y placement field was found in the format.
INFO.FS,CONJU_1.LZ,.LZ,62,1387578,80079,170430,unit_info_render,False,,,,,not_encoded_in_lz__unknown_without_external_layout_context,LZ/LZ0 stream contains compressed pixel/index data; no screen x/y placement field was found in the format.
INFO.FS,CONJU_2.LZ,.LZ,64,1468233,39693,170430,unit_info_render,False,,,,,not_encoded_in_lz__unknown_without_external_layout_context,LZ/LZ0 stream contains compressed pixel/index data; no screen x/y placement field was found in the format.
INFO.FS,CONJU_3.LZ,.LZ,66,1508502,80089,170430,unit_info_render,False,,,,,not_encoded_in_lz__unknown_without_external_layout_context,LZ/LZ0 stream contains compressed pixel/index data; no screen x/y placement field was found in the format.
INFO.FS,CONJU_4.LZ,.LZ,68,1589167,55767,170430,unit_info_render,False,,,,,not_encoded_in_lz__unknown_without_external_layout_context,LZ/LZ0 stream contains compressed pixel/index data; no screen x/y placement field was found in the format.
INFO.FS,DAERTOR.LZ,.LZ,70,1645510,42943,170430,unit_info_render,False,,,,,not_encoded_in_lz__unknown_without_external_layout_context,LZ/LZ0 stream contains compressed pixel/index data; no screen x/y placement field was found in the format.
INFO.FS,DEMON_1.LZ,.LZ,74,1689691,61227,170430,unit_info_render,False,,,,,not_encoded_in_lz__unknown_without_external_layout_context,LZ/LZ0 stream contains compressed pixel/index data; no screen x/y placement field was found in the format.
INFO.FS,DEMON_2.LZ,.LZ,76,1751494,68891,170430,unit_info_render,False,,,,,not_encoded_in_lz__unknown_without_external_layout_context,LZ/LZ0 stream contains compressed pixel/index data; no screen x/y placement field was found in the format.
INFO.FS,DEMON_3.LZ,.LZ,78,1820961,65525,170430,unit_info_render,False,,,,,not_encoded_in_lz__unknown_without_external_layout_context,LZ/LZ0 stream contains compressed pixel/index data; no screen x/y placement field was found in the format.
INFO.FS,DEMON_4.LZ,.LZ,80,1887062,68493,170430,unit_info_render,False,,,,,not_encoded_in_lz__unknown_without_external_layout_context,LZ/LZ0 stream contains compressed pixel/index data; no screen x/y placement field was found in the format.
INFO.FS,DESTR_1.LZ,.LZ,84,1957556,57695,170430,unit_info_render,False,,,,,not_encoded_in_lz__unknown_without_external_layout_context,LZ/LZ0 stream contains compressed pixel/index data; no screen x/y placement field was found in the format.
INFO.FS,DESTR_2.LZ,.LZ,86,2015827,53897,170430,unit_info_render,False,,,,,not_encoded_in_lz__unknown_without_external_layout_context,LZ/LZ0 stream contains compressed pixel/index data; no screen x/y placement field was found in the format.
INFO.FS,DESTR_3.LZ,.LZ,88,2070300,62325,170430,unit_info_render,False,,,,,not_encoded_in_lz__unknown_without_external_layout_context,LZ/LZ0 stream contains compressed pixel/index data; no screen x/y placement field was found in the format.
INFO.FS,DRAK_1.LZ,.LZ,92,2134834,15724,170430,unit_info_render,False,,,,,not_encoded_in_lz__unknown_without_external_layout_context,LZ/LZ0 stream contains compressed pixel/index data; no screen x/y placement field was found in the format.
INFO.FS,DRAK_2.LZ,.LZ,94,2151134,42372,170430,unit_info_render,False,,,,,not_encoded_in_lz__unknown_without_external_layout_context,LZ/LZ0 stream contains compressed pixel/index data; no screen x/y placement field was found in the format.
INFO.FS,DRAK_3.LZ,.LZ,96,2194082,35811,170430,unit_info_render,False,,,,,not_encoded_in_lz__unknown_without_external_layout_context,LZ/LZ0 stream contains compressed pixel/index data; no screen x/y placement field was found in the format.
INFO.FS,DRAK_4.LZ,.LZ,98,2230469,39090,170430,unit_info_render,False,,,,,not_encoded_in_lz__unknown_without_external_layout_context,LZ/LZ0 stream contains compressed pixel/index data; no screen x/y placement field was found in the format.
INFO.FS,DUCH_1.LZ,.LZ,101,2270749,69533,170430,unit_info_render,False,,,,,not_encoded_in_lz__unknown_without_external_layout_context,LZ/LZ0 stream contains compressed pixel/index data; no screen x/y placement field was found in the format.
INFO.FS,ELF1_1.LZ,.LZ,105,2341444,82648,170430,unit_info_render,False,,,,,not_encoded_in_lz__unknown_without_external_layout_context,LZ/LZ0 stream contains compressed pixel/index data; no screen x/y placement field was found in the format.
INFO.FS,ELF1_2.LZ,.LZ,107,2424668,95291,170430,unit_info_render,False,,,,,not_encoded_in_lz__unknown_without_external_layout_context,LZ/LZ0 stream contains compressed pixel/index data; no screen x/y placement field was found in the format.
INFO.FS,ELF1_3.LZ,.LZ,109,2520535,90223,170430,unit_info_render,False,,,,,not_encoded_in_lz__unknown_without_external_layout_context,LZ/LZ0 stream contains compressed pixel/index data; no screen x/y placement field was found in the format.
INFO.FS,ELF1_4.LZ,.LZ,111,2611334,36489,170430,unit_info_render,False,,,,,not_encoded_in_lz__unknown_without_external_layout_context,LZ/LZ0 stream contains compressed pixel/index data; no screen x/y placement field was found in the format.
INFO.FS,ELF2_1.LZ,.LZ,115,2649117,46707,170430,unit_info_render,False,,,,,not_encoded_in_lz__unknown_without_external_layout_context,LZ/LZ0 stream contains compressed pixel/index data; no screen x/y placement field was found in the format.
INFO.FS,ELF2_2.LZ,.LZ,117,2696400,84308,170430,unit_info_render,False,,,,,not_encoded_in_lz__unknown_without_external_layout_context,LZ/LZ0 stream contains compressed pixel/index data; no screen x/y placement field was found in the format.
INFO.FS,ELF2_3.LZ,.LZ,119,2781284,64946,170430,unit_info_render,False,,,,,not_encoded_in_lz__unknown_without_external_layout_context,LZ/LZ0 stream contains compressed pixel/index data; no screen x/y placement field was found in the format.
INFO.FS,ELF2_4.LZ,.LZ,121,2846806,62814,170430,unit_info_render,False,,,,,not_encoded_in_lz__unknown_without_external_layout_context,LZ/LZ0 stream contains compressed pixel/index data; no screen x/y placement field was found in the format.
INFO.FS,ELMAG1_1.LZ,.LZ,125,2911292,94007,170430,unit_info_render,False,,,,,not_encoded_in_lz__unknown_without_external_layout_context,LZ/LZ0 stream contains compressed pixel/index data; no screen x/y placement field was found in the format.
INFO.FS,ELMAG1_2.LZ,.LZ,127,3005875,96357,170430,unit_info_render,False,,,,,not_encoded_in_lz__unknown_without_external_layout_context,LZ/LZ0 stream contains compressed pixel/index data; no screen x/y placement field was found in the format.
INFO.FS,ELMAG1_3.LZ,.LZ,129,3102808,71638,170430,unit_info_render,False,,,,,not_encoded_in_lz__unknown_without_external_layout_context,LZ/LZ0 stream contains compressed pixel/index data; no screen x/y placement field was found in the format.
INFO.FS,ELMAG1_4.LZ,.LZ,131,3175022,70427,170430,unit_info_render,False,,,,,not_encoded_in_lz__unknown_without_external_layout_context,LZ/LZ0 stream contains compressed pixel/index data; no screen x/y placement field was found in the format.
INFO.FS,ELMAG2_1.LZ,.LZ,135,3246784,85184,170430,unit_info_render,False,,,,,not_encoded_in_lz__unknown_without_external_layout_context,LZ/LZ0 stream contains compressed pixel/index data; no screen x/y placement field was found in the format.
INFO.FS,ELMAG2_2.LZ,.LZ,137,3332544,79381,170430,unit_info_render,False,,,,,not_encoded_in_lz__unknown_without_external_layout_context,LZ/LZ0 stream contains compressed pixel/index data; no screen x/y placement field was found in the format.
INFO.FS,ELMAG2_3.LZ,.LZ,139,3412501,79711,170430,unit_info_render,False,,,,,not_encoded_in_lz__unknown_without_external_layout_context,LZ/LZ0 stream contains compressed pixel/index data; no screen x/y placement field was found in the format.
INFO.FS,ELMAG2_4.LZ,.LZ,141,3492788,100172,170430,unit_info_render,False,,,,,not_encoded_in_lz__unknown_without_external_layout_context,LZ/LZ0 stream contains compressed pixel/index data; no screen x/y placement field was found in the format.
INFO.FS,GEPARD_1.LZ,.LZ,145,3594049,74492,170430,unit_info_render,False,,,,,not_encoded_in_lz__unknown_without_external_layout_context,LZ/LZ0 stream contains compressed pixel/index data; no screen x/y placement field was found in the format.
INFO.FS,GEPARD_2.LZ,.LZ,147,3669117,73608,170430,unit_info_render,False,,,,,not_encoded_in_lz__unknown_without_external_layout_context,LZ/LZ0 stream contains compressed pixel/index data; no screen x/y placement field was found in the format.
INFO.FS,GEPARD_3.LZ,.LZ,149,3743301,105960,170430,unit_info_render,False,,,,,not_encoded_in_lz__unknown_without_external_layout_context,LZ/LZ0 stream contains compressed pixel/index data; no screen x/y placement field was found in the format.
INFO.FS,GEPARD_4.LZ,.LZ,151,3849837,116388,170430,unit_info_render,False,,,,,not_encoded_in_lz__unknown_without_external_layout_context,LZ/LZ0 stream contains compressed pixel/index data; no screen x/y placement field was found in the format.
INFO.FS,GOLEM_1.LZ,.LZ,155,3967342,98733,170430,unit_info_render,False,,,,,not_encoded_in_lz__unknown_without_external_layout_context,LZ/LZ0 stream contains compressed pixel/index data; no screen x/y placement field was found in the format.
INFO.FS,GOLEM_2.LZ,.LZ,157,4066651,108069,170430,unit_info_render,False,,,,,not_encoded_in_lz__unknown_without_external_layout_context,LZ/LZ0 stream contains compressed pixel/index data; no screen x/y placement field was found in the format.
INFO.FS,GOLEM_3.LZ,.LZ,159,4175296,84169,170430,unit_info_render,False,,,,,not_encoded_in_lz__unknown_without_external_layout_context,LZ/LZ0 stream contains compressed pixel/index data; no screen x/y placement field was found in the format.
INFO.FS,GOLEM_9.LZ,.LZ,161,4260041,99967,170430,unit_info_render,False,,,,,not_encoded_in_lz__unknown_without_external_layout_context,LZ/LZ0 stream contains compressed pixel/index data; no screen x/y placement field was found in the format.
INFO.FS,HARPY_1.LZ,.LZ,165,4361630,81569,170430,unit_info_render,False,,,,,not_encoded_in_lz__unknown_without_external_layout_context,LZ/LZ0 stream contains compressed pixel/index data; no screen x/y placement field was found in the format.
INFO.FS,HARPY_2.LZ,.LZ,167,4443775,67631,170430,unit_info_render,False,,,,,not_encoded_in_lz__unknown_without_external_layout_context,LZ/LZ0 stream contains compressed pixel/index data; no screen x/y placement field was found in the format.
INFO.FS,HARPY_3.LZ,.LZ,169,4511982,40387,170430,unit_info_render,False,,,,,not_encoded_in_lz__unknown_without_external_layout_context,LZ/LZ0 stream contains compressed pixel/index data; no screen x/y placement field was found in the format.
INFO.FS,HARPY_4.LZ,.LZ,171,4552945,87662,170430,unit_info_render,False,,,,,not_encoded_in_lz__unknown_without_external_layout_context,LZ/LZ0 stream contains compressed pixel/index data; no screen x/y placement field was found in the format.
INFO.FS,HOOM_1.LZ,.LZ,175,4641924,72531,170430,unit_info_render,False,,,,,not_encoded_in_lz__unknown_without_external_layout_context,LZ/LZ0 stream contains compressed pixel/index data; no screen x/y placement field was found in the format.
INFO.FS,HOOM_2.LZ,.LZ,177,4715031,73647,170430,unit_info_render,False,,,,,not_encoded_in_lz__unknown_without_external_layout_context,LZ/LZ0 stream contains compressed pixel/index data; no screen x/y placement field was found in the format.
INFO.FS,HOOM_3.LZ,.LZ,179,4789254,81081,170430,unit_info_render,False,,,,,not_encoded_in_lz__unknown_without_external_layout_context,LZ/LZ0 stream contains compressed pixel/index data; no screen x/y placement field was found in the format.
INFO.FS,HOOM_4.LZ,.LZ,181,4870911,97686,170430,unit_info_render,False,,,,,not_encoded_in_lz__unknown_without_external_layout_context,LZ/LZ0 stream contains compressed pixel/index data; no screen x/y placement field was found in the format.
INFO.FS,IBG_600.LZ,.LZ,183,4969173,32831,480000,unit_info_render,False,,,,,not_encoded_in_lz__unknown_without_external_layout_context,LZ/LZ0 stream contains compressed pixel/index data; no screen x/y placement field was found in the format.
INFO.FS,IBG_768.LZ,.LZ,184,5002004,70420,786432,unit_info_render,False,,,,,not_encoded_in_lz__unknown_without_external_layout_context,LZ/LZ0 stream contains compressed pixel/index data; no screen x/y placement field was found in the format.
INFO.FS,INFOLSTA.LZ,.LZ,185,5072424,8000,27279,unit_info_render,False,,,,,not_encoded_in_lz__unknown_without_external_layout_context,LZ/LZ0 stream contains compressed pixel/index data; no screen x/y placement field was found in the format.
INFO.FS,INFOPAN.LZ,.LZ,186,5080424,46933,307200,unit_info_render,False,,,,,not_encoded_in_lz__unknown_without_external_layout_context,LZ/LZ0 stream contains compressed pixel/index data; no screen x/y placement field was found in the format.
INFO.FS,KADURA_1.LZ,.LZ,187,5127357,66176,170430,unit_info_render,False,,,,,not_encoded_in_lz__unknown_without_external_layout_context,LZ/LZ0 stream contains compressed pixel/index data; no screen x/y placement field was found in the format.
INFO.FS,KAWYR_1.LZ,.LZ,189,5194109,58977,170430,unit_info_render,False,,,,,not_encoded_in_lz__unknown_without_external_layout_context,LZ/LZ0 stream contains compressed pixel/index data; no screen x/y placement field was found in the format.
INFO.FS,KEVTAK_1.LZ,.LZ,193,5254278,15620,170430,unit_info_render,False,,,,,not_encoded_in_lz__unknown_without_external_layout_context,LZ/LZ0 stream contains compressed pixel/index data; no screen x/y placement field was found in the format.
INFO.FS,KEVTAK_2.LZ,.LZ,195,5270474,36761,170430,unit_info_render,False,,,,,not_encoded_in_lz__unknown_without_external_layout_context,LZ/LZ0 stream contains compressed pixel/index data; no screen x/y placement field was found in the format.
INFO.FS,KEVTAK_3.LZ,.LZ,197,5307811,49685,170430,unit_info_render,False,,,,,not_encoded_in_lz__unknown_without_external_layout_context,LZ/LZ0 stream contains compressed pixel/index data; no screen x/y placement field was found in the format.
INFO.FS,KEVTAK_4.LZ,.LZ,199,5358072,61797,170430,unit_info_render,False,,,,,not_encoded_in_lz__unknown_without_external_layout_context,LZ/LZ0 stream contains compressed pixel/index data; no screen x/y placement field was found in the format.
INFO.FS,KOLOS_1.LZ,.LZ,203,5421711,75752,170430,unit_info_render,False,,,,,not_encoded_in_lz__unknown_without_external_layout_context,LZ/LZ0 stream contains compressed pixel/index data; no screen x/y placement field was found in the format.
INFO.FS,KOLOS_2.LZ,.LZ,205,5498039,78231,170430,unit_info_render,False,,,,,not_encoded_in_lz__unknown_without_external_layout_context,LZ/LZ0 stream contains compressed pixel/index data; no screen x/y placement field was found in the format.
INFO.FS,KOLOS_3.LZ,.LZ,207,5576846,123037,170430,unit_info_render,False,,,,,not_encoded_in_lz__unknown_without_external_layout_context,LZ/LZ0 stream contains compressed pixel/index data; no screen x/y placement field was found in the format.
INFO.FS,KOLOS_4.LZ,.LZ,209,5700459,87633,170430,unit_info_render,False,,,,,not_encoded_in_lz__unknown_without_external_layout_context,LZ/LZ0 stream contains compressed pixel/index data; no screen x/y placement field was found in the format.
INFO.FS,KONVOY_1.LZ,.LZ,212,5788678,47357,170430,unit_info_render,False,,,,,not_encoded_in_lz__unknown_without_external_layout_context,LZ/LZ0 stream contains compressed pixel/index data; no screen x/y placement field was found in the format.
INFO.FS,KONVOY_2.LZ,.LZ,214,5836611,52500,170430,unit_info_render,False,,,,,not_encoded_in_lz__unknown_without_external_layout_context,LZ/LZ0 stream contains compressed pixel/index data; no screen x/y placement field was found in the format.
INFO.FS,LASER_1.LZ,.LZ,218,5890198,98512,170430,unit_info_render,False,,,,,not_encoded_in_lz__unknown_without_external_layout_context,LZ/LZ0 stream contains compressed pixel/index data; no screen x/y placement field was found in the format.
INFO.FS,LASER_2.LZ,.LZ,220,5989286,67739,170430,unit_info_render,False,,,,,not_encoded_in_lz__unknown_without_external_layout_context,LZ/LZ0 stream contains compressed pixel/index data; no screen x/y placement field was found in the format.
INFO.FS,LASER_3.LZ,.LZ,222,6057601,81905,170430,unit_info_render,False,,,,,not_encoded_in_lz__unknown_without_external_layout_context,LZ/LZ0 stream contains compressed pixel/index data; no screen x/y placement field was found in the format.
INFO.FS,LASER_4.LZ,.LZ,224,6140082,63872,170430,unit_info_render,False,,,,,not_encoded_in_lz__unknown_without_external_layout_context,LZ/LZ0 stream contains compressed pixel/index data; no screen x/y placement field was found in the format.
INFO.FS,LEO2A5_1.LZ,.LZ,228,6205136,109988,170430,unit_info_render,False,,,,,not_encoded_in_lz__unknown_without_external_layout_context,LZ/LZ0 stream contains compressed pixel/index data; no screen x/y placement field was found in the format.
INFO.FS,LEO2A5_2.LZ,.LZ,230,6315700,88028,170430,unit_info_render,False,,,,,not_encoded_in_lz__unknown_without_external_layout_context,LZ/LZ0 stream contains compressed pixel/index data; no screen x/y placement field was found in the format.
INFO.FS,LEO2A5_3.LZ,.LZ,232,6404304,73168,170430,unit_info_render,False,,,,,not_encoded_in_lz__unknown_without_external_layout_context,LZ/LZ0 stream contains compressed pixel/index data; no screen x/y placement field was found in the format.
INFO.FS,LEO2A5_4.LZ,.LZ,234,6478048,62552,170430,unit_info_render,False,,,,,not_encoded_in_lz__unknown_without_external_layout_context,LZ/LZ0 stream contains compressed pixel/index data; no screen x/y placement field was found in the format.
INFO.FS,LEOPD2_1.LZ,.LZ,238,6542536,86625,170430,unit_info_render,False,,,,,not_encoded_in_lz__unknown_without_external_layout_context,LZ/LZ0 stream contains compressed pixel/index data; no screen x/y placement field was found in the format.
INFO.FS,LEOPD2_2.LZ,.LZ,240,6629737,109499,170430,unit_info_render,False,,,,,not_encoded_in_lz__unknown_without_external_layout_context,LZ/LZ0 stream contains compressed pixel/index data; no screen x/y placement field was found in the format.
INFO.FS,LEOPD2_3.LZ,.LZ,242,6739812,69801,170430,unit_info_render,False,,,,,not_encoded_in_lz__unknown_without_external_layout_context,LZ/LZ0 stream contains compressed pixel/index data; no screen x/y placement field was found in the format.
INFO.FS,LEOPD2_4.LZ,.LZ,244,6810189,61748,170430,unit_info_render,False,,,,,not_encoded_in_lz__unknown_without_external_layout_context,LZ/LZ0 stream contains compressed pixel/index data; no screen x/y placement field was found in the format.
INFO.FS,M106_1.LZ,.LZ,248,6872909,104397,170430,unit_info_render,False,,,,,not_encoded_in_lz__unknown_without_external_layout_context,LZ/LZ0 stream contains compressed pixel/index data; no screen x/y placement field was found in the format.
INFO.FS,M106_2.LZ,.LZ,250,6977882,102548,170430,unit_info_render,False,,,,,not_encoded_in_lz__unknown_without_external_layout_context,LZ/LZ0 stream contains compressed pixel/index data; no screen x/y placement field was found in the format.
INFO.FS,M106_3.LZ,.LZ,252,7081006,73279,170430,unit_info_render,False,,,,,not_encoded_in_lz__unknown_without_external_layout_context,LZ/LZ0 stream contains compressed pixel/index data; no screen x/y placement field was found in the format.
INFO.FS,M106_4.LZ,.LZ,254,7154861,89393,170430,unit_info_render,False,,,,,not_encoded_in_lz__unknown_without_external_layout_context,LZ/LZ0 stream contains compressed pixel/index data; no screen x/y placement field was found in the format.
INFO.FS,M109_1.LZ,.LZ,258,7245821,81645,170430,unit_info_render,False,,,,,not_encoded_in_lz__unknown_without_external_layout_context,LZ/LZ0 stream contains compressed pixel/index data; no screen x/y placement field was found in the format.
INFO.FS,M109_2.LZ,.LZ,260,7328042,87877,170430,unit_info_render,False,,,,,not_encoded_in_lz__unknown_without_external_layout_context,LZ/LZ0 stream contains compressed pixel/index data; no screen x/y placement field was found in the format.
INFO.FS,M109_3.LZ,.LZ,262,7416495,64068,170430,unit_info_render,False,,,,,not_encoded_in_lz__unknown_without_external_layout_context,LZ/LZ0 stream contains compressed pixel/index data; no screen x/y placement field was found in the format.
INFO.FS,M109_4.LZ,.LZ,264,7481139,64524,170430,unit_info_render,False,,,,,not_encoded_in_lz__unknown_without_external_layout_context,LZ/LZ0 stream contains compressed pixel/index data; no screen x/y placement field was found in the format.
INFO.FS,M113_1.LZ,.LZ,268,7546899,103070,170430,unit_info_render,False,,,,,not_encoded_in_lz__unknown_without_external_layout_context,LZ/LZ0 stream contains compressed pixel/index data; no screen x/y placement field was found in the format.
INFO.FS,M113_2.LZ,.LZ,270,7650545,99301,170430,unit_info_render,False,,,,,not_encoded_in_lz__unknown_without_external_layout_context,LZ/LZ0 stream contains compressed pixel/index data; no screen x/y placement field was found in the format.
INFO.FS,M113_3.LZ,.LZ,272,7750422,80067,170430,unit_info_render,False,,,,,not_encoded_in_lz__unknown_without_external_layout_context,LZ/LZ0 stream contains compressed pixel/index data; no screen x/y placement field was found in the format.
INFO.FS,M113_4.LZ,.LZ,274,7831065,92295,170430,unit_info_render,False,,,,,not_encoded_in_lz__unknown_without_external_layout_context,LZ/LZ0 stream contains compressed pixel/index data; no screen x/y placement field was found in the format.
INFO.FS,M132_1.LZ,.LZ,278,7924359,91533,170430,unit_info_render,False,,,,,not_encoded_in_lz__unknown_without_external_layout_context,LZ/LZ0 stream contains compressed pixel/index data; no screen x/y placement field was found in the format.
INFO.FS,M132_2.LZ,.LZ,280,8016468,65068,170430,unit_info_render,False,,,,,not_encoded_in_lz__unknown_without_external_layout_context,LZ/LZ0 stream contains compressed pixel/index data; no screen x/y placement field was found in the format.
INFO.FS,M132_3.LZ,.LZ,282,8082112,80250,170430,unit_info_render,False,,,,,not_encoded_in_lz__unknown_without_external_layout_context,LZ/LZ0 stream contains compressed pixel/index data; no screen x/y placement field was found in the format.
INFO.FS,M132_4.LZ,.LZ,284,8162938,82104,170430,unit_info_render,False,,,,,not_encoded_in_lz__unknown_without_external_layout_context,LZ/LZ0 stream contains compressed pixel/index data; no screen x/y placement field was found in the format.
INFO.FS,M1ABR_1.LZ,.LZ,288,8246696,70227,170430,unit_info_render,False,,,,,not_encoded_in_lz__unknown_without_external_layout_context,LZ/LZ0 stream contains compressed pixel/index data; no screen x/y placement field was found in the format.
INFO.FS,M1ABR_2.LZ,.LZ,290,8317499,92033,170430,unit_info_render,False,,,,,not_encoded_in_lz__unknown_without_external_layout_context,LZ/LZ0 stream contains compressed pixel/index data; no screen x/y placement field was found in the format.
INFO.FS,M1ABR_3.LZ,.LZ,292,8410108,83993,170430,unit_info_render,False,,,,,not_encoded_in_lz__unknown_without_external_layout_context,LZ/LZ0 stream contains compressed pixel/index data; no screen x/y placement field was found in the format.
INFO.FS,M1ABR_4.LZ,.LZ,294,8494677,54113,170430,unit_info_render,False,,,,,not_encoded_in_lz__unknown_without_external_layout_context,LZ/LZ0 stream contains compressed pixel/index data; no screen x/y placement field was found in the format.
INFO.FS,MAGOT_1.LZ,.LZ,298,8550248,83801,170430,unit_info_render,False,,,,,not_encoded_in_lz__unknown_without_external_layout_context,LZ/LZ0 stream contains compressed pixel/index data; no screen x/y placement field was found in the format.
INFO.FS,MAGOT_2.LZ,.LZ,300,8634625,68315,170430,unit_info_render,False,,,,,not_encoded_in_lz__unknown_without_external_layout_context,LZ/LZ0 stream contains compressed pixel/index data; no screen x/y placement field was found in the format.
INFO.FS,MAGOT_3.LZ,.LZ,302,8703516,43764,170430,unit_info_render,False,,,,,not_encoded_in_lz__unknown_without_external_layout_context,LZ/LZ0 stream contains compressed pixel/index data; no screen x/y placement field was found in the format.
INFO.FS,MAGOT_4.LZ,.LZ,304,8747856,51578,170430,unit_info_render,False,,,,,not_encoded_in_lz__unknown_without_external_layout_context,LZ/LZ0 stream contains compressed pixel/index data; no screen x/y placement field was found in the format.
INFO.FS,MAG_1.LZ,.LZ,307,8800333,73739,170430,unit_info_render,False,,,,,not_encoded_in_lz__unknown_without_external_layout_context,LZ/LZ0 stream contains compressed pixel/index data; no screen x/y placement field was found in the format.
INFO.FS,MAMUT_1.LZ,.LZ,311,8875686,56135,170430,unit_info_render,False,,,,,not_encoded_in_lz__unknown_without_external_layout_context,LZ/LZ0 stream contains compressed pixel/index data; no screen x/y placement field was found in the format.
INFO.FS,MAMUT_2.LZ,.LZ,313,8932397,53943,170430,unit_info_render,False,,,,,not_encoded_in_lz__unknown_without_external_layout_context,LZ/LZ0 stream contains compressed pixel/index data; no screen x/y placement field was found in the format.
INFO.FS,MAMUT_3.LZ,.LZ,315,8986916,66948,170430,unit_info_render,False,,,,,not_encoded_in_lz__unknown_without_external_layout_context,LZ/LZ0 stream contains compressed pixel/index data; no screen x/y placement field was found in the format.
INFO.FS,MAMUT_4.LZ,.LZ,317,9054440,91798,170430,unit_info_render,False,,,,,not_encoded_in_lz__unknown_without_external_layout_context,LZ/LZ0 stream contains compressed pixel/index data; no screen x/y placement field was found in the format.
INFO.FS,MARDER_1.LZ,.LZ,321,9147550,79953,170430,unit_info_render,False,,,,,not_encoded_in_lz__unknown_without_external_layout_context,LZ/LZ0 stream contains compressed pixel/index data; no screen x/y placement field was found in the format.
INFO.FS,MARDER_2.LZ,.LZ,323,9228079,103247,170430,unit_info_render,False,,,,,not_encoded_in_lz__unknown_without_external_layout_context,LZ/LZ0 stream contains compressed pixel/index data; no screen x/y placement field was found in the format.
INFO.FS,MARDER_3.LZ,.LZ,325,9331902,88402,170430,unit_info_render,False,,,,,not_encoded_in_lz__unknown_without_external_layout_context,LZ/LZ0 stream contains compressed pixel/index data; no screen x/y placement field was found in the format.
INFO.FS,MARDER_4.LZ,.LZ,327,9420880,74992,170430,unit_info_render,False,,,,,not_encoded_in_lz__unknown_without_external_layout_context,LZ/LZ0 stream contains compressed pixel/index data; no screen x/y placement field was found in the format.
INFO.FS,MI-24.LZ,.LZ,330,9497206,71412,170430,unit_info_render,False,,,,,not_encoded_in_lz__unknown_without_external_layout_context,LZ/LZ0 stream contains compressed pixel/index data; no screen x/y placement field was found in the format.
INFO.FS,MLRS_1.LZ,.LZ,334,9570496,86366,170430,unit_info_render,False,,,,,not_encoded_in_lz__unknown_without_external_layout_context,LZ/LZ0 stream contains compressed pixel/index data; no screen x/y placement field was found in the format.
INFO.FS,MLRS_2.LZ,.LZ,336,9657438,77011,170430,unit_info_render,False,,,,,not_encoded_in_lz__unknown_without_external_layout_context,LZ/LZ0 stream contains compressed pixel/index data; no screen x/y placement field was found in the format.
INFO.FS,MLRS_3.LZ,.LZ,338,9735025,64203,170430,unit_info_render,False,,,,,not_encoded_in_lz__unknown_without_external_layout_context,LZ/LZ0 stream contains compressed pixel/index data; no screen x/y placement field was found in the format.
INFO.FS,MLRS_4.LZ,.LZ,340,9799804,80119,170430,unit_info_render,False,,,,,not_encoded_in_lz__unknown_without_external_layout_context,LZ/LZ0 stream contains compressed pixel/index data; no screen x/y placement field was found in the format.
INFO.FS,MRI_1.LZ,.LZ,344,9881057,52736,170430,unit_info_render,False,,,,,not_encoded_in_lz__unknown_without_external_layout_context,LZ/LZ0 stream contains compressed pixel/index data; no screen x/y placement field was found in the format.
INFO.FS,MRI_2.LZ,.LZ,346,9934369,67041,170430,unit_info_render,False,,,,,not_encoded_in_lz__unknown_without_external_layout_context,LZ/LZ0 stream contains compressed pixel/index data; no screen x/y placement field was found in the format.
INFO.FS,MRI_3.LZ,.LZ,348,10001986,49401,170430,unit_info_render,False,,,,,not_encoded_in_lz__unknown_without_external_layout_context,LZ/LZ0 stream contains compressed pixel/index data; no screen x/y placement field was found in the format.
INFO.FS,MRI_4.LZ,.LZ,350,10051963,69156,170430,unit_info_render,False,,,,,not_encoded_in_lz__unknown_without_external_layout_context,LZ/LZ0 stream contains compressed pixel/index data; no screen x/y placement field was found in the format.
INFO.FS,NAMELSTA.LZ,.LZ,352,10121695,6168,16000,unit_info_render,False,,,,,not_encoded_in_lz__unknown_without_external_layout_context,LZ/LZ0 stream contains compressed pixel/index data; no screen x/y placement field was found in the format.
INFO.FS,NEKRO_1.LZ,.LZ,355,10128255,65187,170430,unit_info_render,False,,,,,not_encoded_in_lz__unknown_without_external_layout_context,LZ/LZ0 stream contains compressed pixel/index data; no screen x/y placement field was found in the format.
INFO.FS,NEKRO_2.LZ,.LZ,357,10194018,50004,170430,unit_info_render,False,,,,,not_encoded_in_lz__unknown_without_external_layout_context,LZ/LZ0 stream contains compressed pixel/index data; no screen x/y placement field was found in the format.
INFO.FS,NEKRO_3.LZ,.LZ,359,10244598,49732,170430,unit_info_render,False,,,,,not_encoded_in_lz__unknown_without_external_layout_context,LZ/LZ0 stream contains compressed pixel/index data; no screen x/y placement field was found in the format.
INFO.FS,NEKRO_4.LZ,.LZ,361,10294906,117082,170430,unit_info_render,False,,,,,not_encoded_in_lz__unknown_without_external_layout_context,LZ/LZ0 stream contains compressed pixel/index data; no screen x/y placement field was found in the format.
INFO.FS,NEMRT_1.LZ,.LZ,365,10413469,64711,170430,unit_info_render,False,,,,,not_encoded_in_lz__unknown_without_external_layout_context,LZ/LZ0 stream contains compressed pixel/index data; no screen x/y placement field was found in the format.
INFO.FS,NEMRT_2.LZ,.LZ,367,10478756,53996,170430,unit_info_render,False,,,,,not_encoded_in_lz__unknown_without_external_layout_context,LZ/LZ0 stream contains compressed pixel/index data; no screen x/y placement field was found in the format.
INFO.FS,NEMRT_3.LZ,.LZ,369,10533328,70062,170430,unit_info_render,False,,,,,not_encoded_in_lz__unknown_without_external_layout_context,LZ/LZ0 stream contains compressed pixel/index data; no screen x/y placement field was found in the format.
INFO.FS,NEMRT_4.LZ,.LZ,371,10603966,44745,170430,unit_info_render,False,,,,,not_encoded_in_lz__unknown_without_external_layout_context,LZ/LZ0 stream contains compressed pixel/index data; no screen x/y placement field was found in the format.
INFO.FS,ORC_GEN.LZ,.LZ,374,10649356,53909,170430,unit_info_render,False,,,,,not_encoded_in_lz__unknown_without_external_layout_context,LZ/LZ0 stream contains compressed pixel/index data; no screen x/y placement field was found in the format.
INFO.FS,ORKKA_1.LZ,.LZ,378,10704410,42943,170430,unit_info_render,False,,,,,not_encoded_in_lz__unknown_without_external_layout_context,LZ/LZ0 stream contains compressed pixel/index data; no screen x/y placement field was found in the format.
INFO.FS,ORKKA_2.LZ,.LZ,380,10747929,50173,170430,unit_info_render,False,,,,,not_encoded_in_lz__unknown_without_external_layout_context,LZ/LZ0 stream contains compressed pixel/index data; no screen x/y placement field was found in the format.
INFO.FS,ORKKA_3.LZ,.LZ,382,10798678,58694,170430,unit_info_render,False,,,,,not_encoded_in_lz__unknown_without_external_layout_context,LZ/LZ0 stream contains compressed pixel/index data; no screen x/y placement field was found in the format.
INFO.FS,ORKKA_4.LZ,.LZ,384,10857948,40470,170430,unit_info_render,False,,,,,not_encoded_in_lz__unknown_without_external_layout_context,LZ/LZ0 stream contains compressed pixel/index data; no screen x/y placement field was found in the format.
INFO.FS,ORKSAM_1.LZ,.LZ,388,10899703,53909,170430,unit_info_render,False,,,,,not_encoded_in_lz__unknown_without_external_layout_context,LZ/LZ0 stream contains compressed pixel/index data; no screen x/y placement field was found in the format.
INFO.FS,ORKSAM_2.LZ,.LZ,390,10954188,67039,170430,unit_info_render,False,,,,,not_encoded_in_lz__unknown_without_external_layout_context,LZ/LZ0 stream contains compressed pixel/index data; no screen x/y placement field was found in the format.
INFO.FS,ORKSAM_3.LZ,.LZ,392,11021803,61521,170430,unit_info_render,False,,,,,not_encoded_in_lz__unknown_without_external_layout_context,LZ/LZ0 stream contains compressed pixel/index data; no screen x/y placement field was found in the format.
INFO.FS,ORKSAM_4.LZ,.LZ,394,11083900,70064,170430,unit_info_render,False,,,,,not_encoded_in_lz__unknown_without_external_layout_context,LZ/LZ0 stream contains compressed pixel/index data; no screen x/y placement field was found in the format.
INFO.FS,ORKTAN_1.LZ,.LZ,398,11154940,58977,170430,unit_info_render,False,,,,,not_encoded_in_lz__unknown_without_external_layout_context,LZ/LZ0 stream contains compressed pixel/index data; no screen x/y placement field was found in the format.
INFO.FS,ORKTAN_2.LZ,.LZ,400,11214493,45941,170430,unit_info_render,False,,,,,not_encoded_in_lz__unknown_without_external_layout_context,LZ/LZ0 stream contains compressed pixel/index data; no screen x/y placement field was found in the format.
INFO.FS,ORKTAN_3.LZ,.LZ,402,11261010,53973,170430,unit_info_render,False,,,,,not_encoded_in_lz__unknown_without_external_layout_context,LZ/LZ0 stream contains compressed pixel/index data; no screen x/y placement field was found in the format.
INFO.FS,ORKTAN_4.LZ,.LZ,404,11315559,57708,170430,unit_info_render,False,,,,,not_encoded_in_lz__unknown_without_external_layout_context,LZ/LZ0 stream contains compressed pixel/index data; no screen x/y placement field was found in the format.
INFO.FS,ORK_1.LZ,.LZ,408,11375048,64286,170430,unit_info_render,False,,,,,not_encoded_in_lz__unknown_without_external_layout_context,LZ/LZ0 stream contains compressed pixel/index data; no screen x/y placement field was found in the format.
INFO.FS,ORK_2.LZ,.LZ,410,11439910,58536,170430,unit_info_render,False,,,,,not_encoded_in_lz__unknown_without_external_layout_context,LZ/LZ0 stream contains compressed pixel/index data; no screen x/y placement field was found in the format.
INFO.FS,ORK_3.LZ,.LZ,412,11499022,62764,170430,unit_info_render,False,,,,,not_encoded_in_lz__unknown_without_external_layout_context,LZ/LZ0 stream contains compressed pixel/index data; no screen x/y placement field was found in the format.
INFO.FS,ORK_4.LZ,.LZ,414,11562362,65785,170430,unit_info_render,False,,,,,not_encoded_in_lz__unknown_without_external_layout_context,LZ/LZ0 stream contains compressed pixel/index data; no screen x/y placement field was found in the format.
INFO.FS,PAKVK_1.LZ,.LZ,417,11628750,68834,170430,unit_info_render,False,,,,,not_encoded_in_lz__unknown_without_external_layout_context,LZ/LZ0 stream contains compressed pixel/index data; no screen x/y placement field was found in the format.
INFO.FS,PAKVK_2.LZ,.LZ,419,11698160,80371,170430,unit_info_render,False,,,,,not_encoded_in_lz__unknown_without_external_layout_context,LZ/LZ0 stream contains compressed pixel/index data; no screen x/y placement field was found in the format.
INFO.FS,PAKVK_3.LZ,.LZ,421,11779107,81725,170430,unit_info_render,False,,,,,not_encoded_in_lz__unknown_without_external_layout_context,LZ/LZ0 stream contains compressed pixel/index data; no screen x/y placement field was found in the format.
INFO.FS,PAKVK_4.LZ,.LZ,423,11861408,86126,170430,unit_info_render,False,,,,,not_encoded_in_lz__unknown_without_external_layout_context,LZ/LZ0 stream contains compressed pixel/index data; no screen x/y placement field was found in the format.
INFO.FS,PAVUK_1.LZ,.LZ,431,11951626,89851,170430,unit_info_render,False,,,,,not_encoded_in_lz__unknown_without_external_layout_context,LZ/LZ0 stream contains compressed pixel/index data; no screen x/y placement field was found in the format.
INFO.FS,PAVUK_2.LZ,.LZ,433,12042053,98245,170430,unit_info_render,False,,,,,not_encoded_in_lz__unknown_without_external_layout_context,LZ/LZ0 stream contains compressed pixel/index data; no screen x/y placement field was found in the format.
INFO.FS,PAVUK_3.LZ,.LZ,435,12140874,100407,170430,unit_info_render,False,,,,,not_encoded_in_lz__unknown_without_external_layout_context,LZ/LZ0 stream contains compressed pixel/index data; no screen x/y placement field was found in the format.
INFO.FS,PAVUK_4.LZ,.LZ,437,12241857,75427,170430,unit_info_render,False,,,,,not_encoded_in_lz__unknown_without_external_layout_context,LZ/LZ0 stream contains compressed pixel/index data; no screen x/y placement field was found in the format.
INFO.FS,PEKEL_1.LZ,.LZ,441,12318710,70733,170430,unit_info_render,False,,,,,not_encoded_in_lz__unknown_without_external_layout_context,LZ/LZ0 stream contains compressed pixel/index data; no screen x/y placement field was found in the format.
INFO.FS,PEKEL_2.LZ,.LZ,443,12390019,67533,170430,unit_info_render,False,,,,,not_encoded_in_lz__unknown_without_external_layout_context,LZ/LZ0 stream contains compressed pixel/index data; no screen x/y placement field was found in the format.
INFO.FS,PEKEL_3.LZ,.LZ,445,12458128,58159,170430,unit_info_render,False,,,,,not_encoded_in_lz__unknown_without_external_layout_context,LZ/LZ0 stream contains compressed pixel/index data; no screen x/y placement field was found in the format.
INFO.FS,PEKEL_4.LZ,.LZ,447,12516863,56334,170430,unit_info_render,False,,,,,not_encoded_in_lz__unknown_without_external_layout_context,LZ/LZ0 stream contains compressed pixel/index data; no screen x/y placement field was found in the format.
INFO.FS,PIRANH_1.LZ,.LZ,451,12574532,74421,170430,unit_info_render,False,,,,,not_encoded_in_lz__unknown_without_external_layout_context,LZ/LZ0 stream contains compressed pixel/index data; no screen x/y placement field was found in the format.
INFO.FS,PIRANH_2.LZ,.LZ,453,12649529,64520,170430,unit_info_render,False,,,,,not_encoded_in_lz__unknown_without_external_layout_context,LZ/LZ0 stream contains compressed pixel/index data; no screen x/y placement field was found in the format.
INFO.FS,PIRANH_3.LZ,.LZ,455,12714625,54315,170430,unit_info_render,False,,,,,not_encoded_in_lz__unknown_without_external_layout_context,LZ/LZ0 stream contains compressed pixel/index data; no screen x/y placement field was found in the format.
INFO.FS,PIRANH_4.LZ,.LZ,457,12769516,76662,170430,unit_info_render,False,,,,,not_encoded_in_lz__unknown_without_external_layout_context,LZ/LZ0 stream contains compressed pixel/index data; no screen x/y placement field was found in the format.
INFO.FS,PREDA_1.LZ,.LZ,461,12847132,74956,170430,unit_info_render,False,,,,,not_encoded_in_lz__unknown_without_external_layout_context,LZ/LZ0 stream contains compressed pixel/index data; no screen x/y placement field was found in the format.
INFO.FS,PREDA_2.LZ,.LZ,463,12922664,71048,170430,unit_info_render,False,,,,,not_encoded_in_lz__unknown_without_external_layout_context,LZ/LZ0 stream contains compressed pixel/index data; no screen x/y placement field was found in the format.
INFO.FS,PREDA_3.LZ,.LZ,465,12994288,81751,170430,unit_info_render,False,,,,,not_encoded_in_lz__unknown_without_external_layout_context,LZ/LZ0 stream contains compressed pixel/index data; no screen x/y placement field was found in the format.
INFO.FS,PREDA_4.LZ,.LZ,467,13076615,65633,170430,unit_info_render,False,,,,,not_encoded_in_lz__unknown_without_external_layout_context,LZ/LZ0 stream contains compressed pixel/index data; no screen x/y placement field was found in the format.
INFO.FS,P_COMAN.LZ,.LZ,470,13143775,44968,170430,unit_info_render,False,,,,,not_encoded_in_lz__unknown_without_external_layout_context,LZ/LZ0 stream contains compressed pixel/index data; no screen x/y placement field was found in the format.
INFO.FS,P_HITECH.LZ,.LZ,473,13190102,56074,170430,unit_info_render,False,,,,,not_encoded_in_lz__unknown_without_external_layout_context,LZ/LZ0 stream contains compressed pixel/index data; no screen x/y placement field was found in the format.
INFO.FS,P_LAHKA.LZ,.LZ,476,13247481,54510,170430,unit_info_render,False,,,,,not_encoded_in_lz__unknown_without_external_layout_context,LZ/LZ0 stream contains compressed pixel/index data; no screen x/y placement field was found in the format.
INFO.FS,P_MECIA.LZ,.LZ,478,13302567,62807,170430,unit_info_render,False,,,,,not_encoded_in_lz__unknown_without_external_layout_context,LZ/LZ0 stream contains compressed pixel/index data; no screen x/y placement field was found in the format.
INFO.FS,P_MINOM.LZ,.LZ,481,13366554,62672,170430,unit_info_render,False,,,,,not_encoded_in_lz__unknown_without_external_layout_context,LZ/LZ0 stream contains compressed pixel/index data; no screen x/y placement field was found in the format.
INFO.FS,P_MOBIL.LZ,.LZ,484,13430855,54212,170430,unit_info_render,False,,,,,not_encoded_in_lz__unknown_without_external_layout_context,LZ/LZ0 stream contains compressed pixel/index data; no screen x/y placement field was found in the format.
INFO.FS,P_PARAN.LZ,.LZ,487,13486553,61742,170430,unit_info_render,False,,,,,not_encoded_in_lz__unknown_without_external_layout_context,LZ/LZ0 stream contains compressed pixel/index data; no screen x/y placement field was found in the format.
INFO.FS,P_PLAMEN.LZ,.LZ,490,13549759,57046,170430,unit_info_render,False,,,,,not_encoded_in_lz__unknown_without_external_layout_context,LZ/LZ0 stream contains compressed pixel/index data; no screen x/y placement field was found in the format.
INFO.FS,P_RANGE.LZ,.LZ,493,13607828,42054,170430,unit_info_render,False,,,,,not_encoded_in_lz__unknown_without_external_layout_context,LZ/LZ0 stream contains compressed pixel/index data; no screen x/y placement field was found in the format.
INFO.FS,P_SPEC.LZ,.LZ,495,13650458,55537,170430,unit_info_render,False,,,,,not_encoded_in_lz__unknown_without_external_layout_context,LZ/LZ0 stream contains compressed pixel/index data; no screen x/y placement field was found in the format.
INFO.FS,P_TAZKA.LZ,.LZ,498,13707280,49792,170430,unit_info_render,False,,,,,not_encoded_in_lz__unknown_without_external_layout_context,LZ/LZ0 stream contains compressed pixel/index data; no screen x/y placement field was found in the format.
INFO.FS,RADAR_1.LZ,.LZ,502,13758187,80868,170430,unit_info_render,False,,,,,not_encoded_in_lz__unknown_without_external_layout_context,LZ/LZ0 stream contains compressed pixel/index data; no screen x/y placement field was found in the format.
INFO.FS,RADAR_2.LZ,.LZ,504,13839631,84381,170430,unit_info_render,False,,,,,not_encoded_in_lz__unknown_without_external_layout_context,LZ/LZ0 stream contains compressed pixel/index data; no screen x/y placement field was found in the format.
INFO.FS,RADAR_3.LZ,.LZ,506,13924588,46682,170430,unit_info_render,False,,,,,not_encoded_in_lz__unknown_without_external_layout_context,LZ/LZ0 stream contains compressed pixel/index data; no screen x/y placement field was found in the format.
INFO.FS,RADAR_4.LZ,.LZ,508,13971846,75163,170430,unit_info_render,False,,,,,not_encoded_in_lz__unknown_without_external_layout_context,LZ/LZ0 stream contains compressed pixel/index data; no screen x/y placement field was found in the format.
INFO.FS,REN_LP.LZ,.LZ,510,14047585,54510,170430,unit_info_render,False,,,,,not_encoded_in_lz__unknown_without_external_layout_context,LZ/LZ0 stream contains compressed pixel/index data; no screen x/y placement field was found in the format.
INFO.FS,REN_M1.LZ,.LZ,512,14102671,70227,170430,unit_info_render,False,,,,,not_encoded_in_lz__unknown_without_external_layout_context,LZ/LZ0 stream contains compressed pixel/index data; no screen x/y placement field was found in the format.
INFO.FS,REN_PIR.LZ,.LZ,514,14173474,74421,170430,unit_info_render,False,,,,,not_encoded_in_lz__unknown_without_external_layout_context,LZ/LZ0 stream contains compressed pixel/index data; no screen x/y placement field was found in the format.
INFO.FS,REN_TP.LZ,.LZ,516,14248471,49792,170430,unit_info_render,False,,,,,not_encoded_in_lz__unknown_without_external_layout_context,LZ/LZ0 stream contains compressed pixel/index data; no screen x/y placement field was found in the format.
INFO.FS,ROLAND_1.LZ,.LZ,520,14299576,87186,170430,unit_info_render,False,,,,,not_encoded_in_lz__unknown_without_external_layout_context,LZ/LZ0 stream contains compressed pixel/index data; no screen x/y placement field was found in the format.
INFO.FS,ROLAND_2.LZ,.LZ,522,14387338,57157,170430,unit_info_render,False,,,,,not_encoded_in_lz__unknown_without_external_layout_context,LZ/LZ0 stream contains compressed pixel/index data; no screen x/y placement field was found in the format.
INFO.FS,ROLAND_3.LZ,.LZ,524,14445071,64617,170430,unit_info_render,False,,,,,not_encoded_in_lz__unknown_without_external_layout_context,LZ/LZ0 stream contains compressed pixel/index data; no screen x/y placement field was found in the format.
INFO.FS,ROLAND_4.LZ,.LZ,526,14510264,92692,170430,unit_info_render,False,,,,,not_encoded_in_lz__unknown_without_external_layout_context,LZ/LZ0 stream contains compressed pixel/index data; no screen x/y placement field was found in the format.
INFO.FS,RRSMR_1.LZ,.LZ,530,14605277,71964,170430,unit_info_render,False,,,,,not_encoded_in_lz__unknown_without_external_layout_context,LZ/LZ0 stream contains compressed pixel/index data; no screen x/y placement field was found in the format.
INFO.FS,RRSMR_2.LZ,.LZ,532,14677817,59520,170430,unit_info_render,False,,,,,not_encoded_in_lz__unknown_without_external_layout_context,LZ/LZ0 stream contains compressed pixel/index data; no screen x/y placement field was found in the format.
INFO.FS,RRSMR_3.LZ,.LZ,534,14737913,85908,170430,unit_info_render,False,,,,,not_encoded_in_lz__unknown_without_external_layout_context,LZ/LZ0 stream contains compressed pixel/index data; no screen x/y placement field was found in the format.
INFO.FS,RRSMR_4.LZ,.LZ,536,14824397,69377,170430,unit_info_render,False,,,,,not_encoded_in_lz__unknown_without_external_layout_context,LZ/LZ0 stream contains compressed pixel/index data; no screen x/y placement field was found in the format.
INFO.FS,SIPO_1.LZ,.LZ,540,14894867,65810,170430,unit_info_render,False,,,,,not_encoded_in_lz__unknown_without_external_layout_context,LZ/LZ0 stream contains compressed pixel/index data; no screen x/y placement field was found in the format.
INFO.FS,SIPO_2.LZ,.LZ,542,14961253,59280,170430,unit_info_render,False,,,,,not_encoded_in_lz__unknown_without_external_layout_context,LZ/LZ0 stream contains compressed pixel/index data; no screen x/y placement field was found in the format.
INFO.FS,SIPO_3.LZ,.LZ,544,15021109,90321,170430,unit_info_render,False,,,,,not_encoded_in_lz__unknown_without_external_layout_context,LZ/LZ0 stream contains compressed pixel/index data; no screen x/y placement field was found in the format.
INFO.FS,SIPO_4.LZ,.LZ,546,15112006,83778,170430,unit_info_render,False,,,,,not_encoded_in_lz__unknown_without_external_layout_context,LZ/LZ0 stream contains compressed pixel/index data; no screen x/y placement field was found in the format.
INFO.FS,SLIZ_1.LZ,.LZ,549,15197203,76036,170430,unit_info_render,False,,,,,not_encoded_in_lz__unknown_without_external_layout_context,LZ/LZ0 stream contains compressed pixel/index data; no screen x/y placement field was found in the format.
INFO.FS,STRV_1.LZ,.LZ,553,15274945,97324,170430,unit_info_render,False,,,,,not_encoded_in_lz__unknown_without_external_layout_context,LZ/LZ0 stream contains compressed pixel/index data; no screen x/y placement field was found in the format.
INFO.FS,STRV_2.LZ,.LZ,555,15372845,63420,170430,unit_info_render,False,,,,,not_encoded_in_lz__unknown_without_external_layout_context,LZ/LZ0 stream contains compressed pixel/index data; no screen x/y placement field was found in the format.
INFO.FS,STRV_3.LZ,.LZ,557,15436841,80226,170430,unit_info_render,False,,,,,not_encoded_in_lz__unknown_without_external_layout_context,LZ/LZ0 stream contains compressed pixel/index data; no screen x/y placement field was found in the format.
INFO.FS,STRV_4.LZ,.LZ,559,15517643,110713,170430,unit_info_render,False,,,,,not_encoded_in_lz__unknown_without_external_layout_context,LZ/LZ0 stream contains compressed pixel/index data; no screen x/y placement field was found in the format.
INFO.FS,TAM_1.LZ,.LZ,563,15629950,73680,170430,unit_info_render,False,,,,,not_encoded_in_lz__unknown_without_external_layout_context,LZ/LZ0 stream contains compressed pixel/index data; no screen x/y placement field was found in the format.
INFO.FS,TAM_2.LZ,.LZ,565,15704206,68322,170430,unit_info_render,False,,,,,not_encoded_in_lz__unknown_without_external_layout_context,LZ/LZ0 stream contains compressed pixel/index data; no screen x/y placement field was found in the format.
INFO.FS,TAM_3.LZ,.LZ,567,15773104,61989,170430,unit_info_render,False,,,,,not_encoded_in_lz__unknown_without_external_layout_context,LZ/LZ0 stream contains compressed pixel/index data; no screen x/y placement field was found in the format.
INFO.FS,TAM_4.LZ,.LZ,569,15835669,108042,170430,unit_info_render,False,,,,,not_encoded_in_lz__unknown_without_external_layout_context,LZ/LZ0 stream contains compressed pixel/index data; no screen x/y placement field was found in the format.
INFO.FS,TUGRAG_1.LZ,.LZ,571,15944287,58977,170430,unit_info_render,False,,,,,not_encoded_in_lz__unknown_without_external_layout_context,LZ/LZ0 stream contains compressed pixel/index data; no screen x/y placement field was found in the format.
INFO.FS,UDES_1.LZ,.LZ,575,16004669,65317,170430,unit_info_render,False,,,,,not_encoded_in_lz__unknown_without_external_layout_context,LZ/LZ0 stream contains compressed pixel/index data; no screen x/y placement field was found in the format.
INFO.FS,UDES_2.LZ,.LZ,577,16070562,68436,170430,unit_info_render,False,,,,,not_encoded_in_lz__unknown_without_external_layout_context,LZ/LZ0 stream contains compressed pixel/index data; no screen x/y placement field was found in the format.
INFO.FS,UDES_3.LZ,.LZ,579,16139574,59095,170430,unit_info_render,False,,,,,not_encoded_in_lz__unknown_without_external_layout_context,LZ/LZ0 stream contains compressed pixel/index data; no screen x/y placement field was found in the format.
INFO.FS,UDES_4.LZ,.LZ,581,16199245,65558,170430,unit_info_render,False,,,,,not_encoded_in_lz__unknown_without_external_layout_context,LZ/LZ0 stream contains compressed pixel/index data; no screen x/y placement field was found in the format.
INFO.FS,VEZA_1.LZ,.LZ,585,16265802,67641,170430,unit_info_render,False,,,,,not_encoded_in_lz__unknown_without_external_layout_context,LZ/LZ0 stream contains compressed pixel/index data; no screen x/y placement field was found in the format.
INFO.FS,VEZA_2.LZ,.LZ,587,16334019,51085,170430,unit_info_render,False,,,,,not_encoded_in_lz__unknown_without_external_layout_context,LZ/LZ0 stream contains compressed pixel/index data; no screen x/y placement field was found in the format.
INFO.FS,VEZA_3.LZ,.LZ,589,16385680,101240,170430,unit_info_render,False,,,,,not_encoded_in_lz__unknown_without_external_layout_context,LZ/LZ0 stream contains compressed pixel/index data; no screen x/y placement field was found in the format.
INFO.FS,VEZA_4.LZ,.LZ,591,16487496,62651,170430,unit_info_render,False,,,,,not_encoded_in_lz__unknown_without_external_layout_context,LZ/LZ0 stream contains compressed pixel/index data; no screen x/y placement field was found in the format.
INFO.FS,VLKJAZ_1.LZ,.LZ,595,16551450,82243,170430,unit_info_render,False,,,,,not_encoded_in_lz__unknown_without_external_layout_context,LZ/LZ0 stream contains compressed pixel/index data; no screen x/y placement field was found in the format.
INFO.FS,VLKJAZ_2.LZ,.LZ,597,16634269,69170,170430,unit_info_render,False,,,,,not_encoded_in_lz__unknown_without_external_layout_context,LZ/LZ0 stream contains compressed pixel/index data; no screen x/y placement field was found in the format.
INFO.FS,VLKJAZ_3.LZ,.LZ,599,16704015,80018,170430,unit_info_render,False,,,,,not_encoded_in_lz__unknown_without_external_layout_context,LZ/LZ0 stream contains compressed pixel/index data; no screen x/y placement field was found in the format.
INFO.FS,VLKJAZ_4.LZ,.LZ,601,16784609,89811,170430,unit_info_render,False,,,,,not_encoded_in_lz__unknown_without_external_layout_context,LZ/LZ0 stream contains compressed pixel/index data; no screen x/y placement field was found in the format.
INFO.FS,VLK_1.LZ,.LZ,605,16875603,94012,170430,unit_info_render,False,,,,,not_encoded_in_lz__unknown_without_external_layout_context,LZ/LZ0 stream contains compressed pixel/index data; no screen x/y placement field was found in the format.
INFO.FS,VLK_2.LZ,.LZ,607,16970191,71964,170430,unit_info_render,False,,,,,not_encoded_in_lz__unknown_without_external_layout_context,LZ/LZ0 stream contains compressed pixel/index data; no screen x/y placement field was found in the format.
INFO.FS,VLK_3.LZ,.LZ,609,17042731,69383,170430,unit_info_render,False,,,,,not_encoded_in_lz__unknown_without_external_layout_context,LZ/LZ0 stream contains compressed pixel/index data; no screen x/y placement field was found in the format.
INFO.FS,VLK_4.LZ,.LZ,611,17112690,76446,170430,unit_info_render,False,,,,,not_encoded_in_lz__unknown_without_external_layout_context,LZ/LZ0 stream contains compressed pixel/index data; no screen x/y placement field was found in the format.
INFO.FS,WIZARD_1.LZ,.LZ,615,17190101,70608,170430,unit_info_render,False,,,,,not_encoded_in_lz__unknown_without_external_layout_context,LZ/LZ0 stream contains compressed pixel/index data; no screen x/y placement field was found in the format.
INFO.FS,WIZARD_2.LZ,.LZ,617,17261285,70925,170430,unit_info_render,False,,,,,not_encoded_in_lz__unknown_without_external_layout_context,LZ/LZ0 stream contains compressed pixel/index data; no screen x/y placement field was found in the format.
INFO.FS,WIZARD_3.LZ,.LZ,619,17332786,73862,170430,unit_info_render,False,,,,,not_encoded_in_lz__unknown_without_external_layout_context,LZ/LZ0 stream contains compressed pixel/index data; no screen x/y placement field was found in the format.
INFO.FS,WIZARD_4.LZ,.LZ,621,17407224,67877,170430,unit_info_render,False,,,,,not_encoded_in_lz__unknown_without_external_layout_context,LZ/LZ0 stream contains compressed pixel/index data; no screen x/y placement field was found in the format.
INFO.FS,ZVUK_1.LZ,.LZ,625,17476202,65987,170430,unit_info_render,False,,,,,not_encoded_in_lz__unknown_without_external_layout_context,LZ/LZ0 stream contains compressed pixel/index data; no screen x/y placement field was found in the format.
INFO.FS,ZVUK_2.LZ,.LZ,627,17542765,41342,170430,unit_info_render,False,,,,,not_encoded_in_lz__unknown_without_external_layout_context,LZ/LZ0 stream contains compressed pixel/index data; no screen x/y placement field was found in the format.
INFO.FS,ZVUK_3.LZ,.LZ,629,17584683,29039,170430,unit_info_render,False,,,,,not_encoded_in_lz__unknown_without_external_layout_context,LZ/LZ0 stream contains compressed pixel/index data; no screen x/y placement field was found in the format.
INFO.FS,ZVUK_4.LZ,.LZ,631,17614298,41724,170430,unit_info_render,False,,,,,not_encoded_in_lz__unknown_without_external_layout_context,LZ/LZ0 stream contains compressed pixel/index data; no screen x/y placement field was found in the format.
